id,first_name,last_name,has_mother,has_father,first_crime_severity,second_crime
6dfa2492-ada7-4c29-995a-85e40456ab27,Aileen,Dietmar,1,1,1,0
e52cf1c1-3bba-4c76-b31b-bf5e63ea12dd,Filberto,MacLaig,1,0,1,0
ec37b420-89b2-40d4-bf33-7db1174a9ff0,York,Antonsson,0,1,1,0
ca89d316-dce6-4780-8a5c-962d130edbed,Gusti,Locarno,0,0,2,1
b6229ffc-4fdc-464f-88d9-c620c3309e5d,Jarvis,Dopson,0,1,5,0
c8856e75-c809-4d7e-811d-688d84cb602e,Addy,McIlory,1,1,3,0
192f03d2-f89c-40eb-b171-c43e44182fe6,Eleen,Favey,0,0,3,1
238d7c52-fb67-4995-aaf6-065392e5d8b7,Tibold,Claydon,1,0,4,1
07ed928e-dd8a-46f2-a9ec-bb88085fcb08,Dede,Glidden,1,1,4,0
2291c6e3-60e6-45ac-9537-840ee51f3044,Boony,Walworche,1,0,5,1
47ec09cb-98e0-48d0-84a5-c63fd97ee62f,Camellia,Beste,1,1,3,1
1c93563b-908b-498d-8491-51deaed15043,Deanna,Driscoll,0,0,1,0
0daaff48-0bc1-4172-9d92-d7037ec4887e,Eldon,Lanphier,0,0,3,0
25ae38b6-afa0-4999-9215-383f70036fed,Kaye,Kedward,0,0,2,0
d990bec3-6dd2-449c-ae0a-1685da84a786,Wat,Wark,1,0,5,1
a27d2493-f518-4534-b759-8fcbee5218f2,Isobel,Justun,1,0,4,1
19975600-0b3c-46e8-bbe4-544ae25ade1e,Thatch,Glasscott,0,1,4,1
96ade89d-61fc-453c-a5fd-66e1391a2d34,Maddy,Liepina,0,1,5,1
9afb8f81-53e8-4ee3-b85b-2c82bb02ac77,Sallyann,Warnock,1,0,4,1
276d5995-8aca-4fa5-b132-711493dabcc4,Trisha,Render,0,0,5,0
59f03f11-fa28-4e24-b344-2cd22cd9132e,Rafaelia,Orto,0,1,2,0
267cbec4-8c15-4c7b-b4fe-c758be1190d9,Ollie,Maypowder,0,1,3,0
1ee08f7a-5f48-4b0d-a635-32977147acc6,Shandra,Ateridge,0,0,5,1
57569e9c-40c8-4aa7-a70d-4cb7a7c1d05a,Nowell,Vreede,1,1,1,1
61b8fa6c-c74d-4d7e-ac3b-de0126fa76e8,Kristos,Ambrosi,0,0,4,0
c1b91845-f947-4625-a894-5e3af0412eaa,Cozmo,Darker,1,0,3,0
fbec0461-14c6-4fc0-be2f-705e4408d8b2,Homer,Canwell,1,1,5,0
cbc27685-0413-455c-918d-73e030acda87,Abelard,Defont,1,1,5,1
b68f9de0-191d-40b4-8bb9-a7abd91ee6e2,Ciel,Markham,0,0,1,0
1c754065-5f54-4a9f-85d5-84e9e2ae1d20,Timi,Plunket,1,0,3,1
fc430a70-1a19-4acc-bd4e-f898bad8df47,Fidole,Chestle,1,0,1,1
89e7a665-fa2b-49c6-8d6a-a1fecd9d70b3,Galina,Waylen,1,0,1,0
0be80c05-4c8c-408f-8697-8ac8f039b995,Aida,Zavattiero,0,0,5,0
d085e5b9-abea-428f-96b8-a24f72db864b,Frieda,Reddings,0,1,4,1
cf6af6a2-28f5-4fc9-b35e-1c5bff5433fe,Tadio,Cluse,1,0,5,1
9e05ad04-5de7-4d3d-9d2f-ad06f0acb65e,Tim,Grishin,1,0,4,1
2ec2c184-dc7b-440f-aa69-56f810e987ef,Lisha,Starte,0,1,5,0
17951ea1-7a9c-4f79-aabe-8071d25d04ea,Rem,Gouldstraw,0,1,2,0
65be2e83-045f-4408-a857-b0e4c8563a6d,Pammy,Musson,0,0,4,1
88bfae37-790f-4b63-9f87-266b3bb38570,Dollie,Jaskowicz,1,1,4,1
64871eb9-ea68-49b3-b5c6-75f39b706a00,Garwin,Courtenay,0,0,5,0
be290718-cbce-4ba3-ac65-a166e0d333b7,Ron,O'Brallaghan,1,1,4,1
03e96f03-8d71-40a0-ac10-05b89463c1f2,Christi,Barrows,0,0,3,0
3f8d3242-7ce6-46cf-b1c6-37a182821524,Baxie,Loveitt,1,0,2,0
124ab1c6-526c-4888-bdf4-ee989312d619,Paco,Wickie,0,1,1,0
1b4028b1-29fe-444f-a4a8-5e68c97e7133,Thor,Casolla,1,0,4,1
aecf5439-6d8d-4d6e-967f-3218ab66beba,Ryon,Couves,0,1,1,1
883dac5d-a86a-45d6-8ca0-3ac89aa3a765,Rudolf,Coughlan,0,1,2,1
11548d52-3e4e-41c7-aabe-a8872fbcf0be,Karna,Cronk,1,0,4,0
98bba81a-942c-448e-a0f3-8a80440e9cfe,Ty,Brazear,1,0,2,1
8e878ff6-8cc2-4bf8-89db-b48dcaf9c9f6,Ailyn,Oubridge,1,0,3,0
becbdf09-9439-43b2-99b0-35f9069bb609,Dynah,Bartles,1,0,2,0
8fcf9727-a684-4f9d-b08a-822dd0983720,Lock,Peizer,1,0,4,1
c0b42359-2e32-48ea-9eee-bac6c26398c9,Sterling,Gresly,0,1,5,1
58819a1d-6924-40d9-a4f2-317a600a065d,Fabio,Styche,0,0,3,1
7231bab6-08b8-47cd-b0f0-d2f7045ab543,Richart,Ketley,1,0,4,0
b1797551-56a4-4fb8-ab13-a32e2dc7ee22,Niko,Howler,0,0,5,0
22569d60-1c7f-4164-a61d-5adfe4f249be,Damiano,Zorer,1,0,4,1
4fed25ce-8dc7-42f8-89d2-b10e928e1deb,Arne,Panton,1,1,2,1
71db266b-45cb-4a04-81b7-20fe3b807c06,Mabelle,Sorrell,1,1,2,1
5b2e48bb-bf7d-4e96-99be-53e620384460,Trey,Dubs,0,1,2,1
92380e67-09b7-409a-84a6-9633b1bbc275,Efrem,Gabbitus,1,0,1,0
da91c614-3c93-442f-9386-429dc59ae1ec,Benedikt,Legonidec,1,1,4,0
0d9fde5b-f067-4705-a39c-d12070ec22e5,Flint,Horstead,1,0,3,0
a6a5bd9a-082b-41c9-a1fc-1845e5e5860a,Julie,Cowser,1,1,4,0
e517cab1-aa94-4f6e-a061-0f4cb7c1ab87,Hadrian,Risborough,0,1,2,0
ae510f75-5cd8-4a94-b4b5-720b49448f18,Pavia,Robottham,1,1,5,1
c6d9b0a5-1926-45f6-a57a-0086dc211260,Meara,Manicomb,0,0,4,1
5b666501-38d1-4d27-808b-c6e7d48b9a3e,Gustavus,Melmar,1,0,4,1
9f71248f-30f6-4bc3-93cb-f715fd7a6f33,Cary,Ingarfield,1,1,5,1
d003b322-dc2f-48fb-a158-4dd79c1f6e3f,Harmony,Nani,0,1,3,1
629d2359-c8ff-48ca-8173-5ea5debae082,Wynn,Siddell,0,1,5,1
058db90c-3ba3-4e45-9da6-75d09e2ec6ba,Ofilia,Sandom,0,1,3,1
ce591cb9-6166-4225-997e-1d2bc21547e9,Jazmin,Medland,1,0,1,0
1c833365-f938-400f-a3cf-140f03e4be22,Daron,Hevner,0,1,3,0
64343137-4251-4e5b-aba9-07646338513b,Henri,Trippack,1,0,1,0
a1dedafd-3310-48cf-b5ea-2dc03694f604,Gerik,Adran,1,1,4,1
21c5c502-15a0-4126-bc1c-d27029bad756,Lee,Jaslem,0,0,2,1
2f134514-e260-4a38-99f9-0a09017093b9,Rutger,Puddephatt,1,0,4,0
873cff06-6bb9-48fc-a986-d890c9eaab9c,Star,Merchant,0,0,5,1
14ff9377-b333-428c-aafb-ce571c39d756,Idalina,Chitty,0,0,1,1
cc2b966f-5339-4a9e-9d36-23c880bd6911,Caddric,Kilmartin,1,1,4,0
f59d8c89-efd2-42da-8418-188b86b3b179,Sonni,Teese,0,1,4,1
42bb8d74-aa01-4cbf-ba32-3fe4b2c20a9b,Constantin,Spinella,0,1,3,1
72cfa729-41a7-45b3-8468-4d04b8a3d371,Wally,Bruford,1,1,3,0
a664614e-28f6-4312-badf-e30cf5d7f2ee,Emmy,Bickerstaffe,1,0,5,1
85e990ed-48d8-4aeb-8676-66c18c600dce,Nickie,Gatchel,0,0,4,0
110f3cd8-a52b-4584-b957-ea9c0c64cea1,Collen,Pilkinton,0,0,1,1
2af77547-db0f-41f5-a847-6240f07cfa66,Arlana,enzley,0,1,5,1
d694f4c4-0a08-4908-a110-132f29940b78,Gwenneth,Oldcote,1,0,5,1
696ee007-a7a9-4bd7-80dd-d2d5d12c6baf,Thekla,Warburton,1,1,5,1
86d70d4e-2c8a-4768-97a1-c74065d13db0,Salim,Frantsev,0,1,3,1
195bfd5a-c061-40d4-992f-326077200d52,Pail,Dewire,1,1,2,0
b3457682-59b3-4181-ac78-9c4bb0bbdc5b,Herc,Sayre,0,1,4,0
1819ce6f-d114-44a6-865c-87741406d159,Paulie,Barson,0,0,5,0
4ee1ec1f-e9fd-4600-bb9b-7601243a75a9,Dud,Brighty,0,1,3,1
93d8ce4a-fce7-4775-8fdc-356f98dddf19,Felicity,Kowalik,1,0,2,0
d54647a0-7bb0-4ba4-bdb2-5f55111c9bf0,Sephira,Thwaites,1,1,2,0
8176b5df-e3d6-457b-8fe9-5c52c798f281,Scott,Puig,1,1,5,1
783987da-90a8-4aaa-a4a6-5478218e7b67,Rutledge,Tuckerman,1,0,4,1
a0dc9a8a-4557-44b6-833b-a6ed8f8223c6,Thane,Liccardi,1,0,5,0
8e87bdc3-1c67-4281-b703-13fcfdb7fc32,Eric,Vasnetsov,0,0,1,0
d2bfefeb-cf88-4926-9452-f472d878d6d1,Bibby,Buckston,1,0,2,0
f66dae30-35aa-490d-a238-dd816a169377,Kirsteni,McEntegart,0,1,3,1
52fb8bc7-ca22-4c1b-9fab-c8292682ca8b,Ilaire,Tisun,1,0,5,0
1b9d8dfa-f4e9-479e-8766-829f1dbd2489,Milka,Webb-Bowen,0,1,1,0
2c5fdd77-43f5-430a-9f3a-260b82125523,Gaspard,Daveran,1,1,2,0
48a612a6-ab9e-4126-a216-9e51ac4c8d66,Clair,Powelee,0,1,5,0
09a62b2b-1a89-46d2-97de-1723c15b0caa,Renado,Gault,1,0,5,0
a1144223-cae4-4502-b665-249f88da3438,Barnabas,Breton,0,0,1,1
9ded3bac-b9c2-4394-b7dd-4d77d0af07b8,Colet,Benaine,0,0,5,0
df3cd731-b276-420c-a188-6e2096146f36,Evangelina,Rainford,0,0,3,1
320f446f-e42d-4801-bb6c-6711ba952c01,Helenka,Sudlow,1,0,3,0
b280d1f1-9571-4ef4-8d04-ffa9c069b6a4,Jeanna,Chevers,0,0,4,0
b792ae87-84f7-4313-a0b6-6ec4f5797067,Hyman,Chattoe,1,1,1,0
31ee1cbb-25c3-4b22-98e0-7e1f059bac52,Rollo,MacGee,0,1,5,0
ffad5e54-4e93-4916-97a0-1c6481a2b547,Rosy,Boddam,0,1,3,0
5e3f3549-fb45-4e2e-8aed-c9095582b663,Brandie,Cheek,0,0,5,0
0b03369a-8355-495e-8ed7-82d4453787bf,Kaye,Cannaway,1,0,3,1
83652e71-67f7-4764-a014-e92cbf8e5db3,Grace,Galilee,1,1,1,0
1bb37f31-71b4-44bf-8229-25ea83477ed0,Clarie,Biford,1,0,3,1
1e987bc8-8cee-4e11-bca0-ab2f54634740,Bette-ann,Brinsden,1,1,2,1
fc9a6356-9c37-4d52-9cdd-a244dbeeb139,Vivi,Bosence,1,1,4,0
9d401a42-fe19-4436-899e-f918be9b4f15,Winn,Degli Abbati,1,1,3,0
35532047-7eb0-42a8-b408-65f12e833451,Fanechka,Cudbertson,0,1,2,0
ed057f07-a9f6-46fa-9bd3-01cfecda09a9,Marga,Hamsson,0,1,3,0
034e34ae-8ab3-4b1c-b5ab-0679727e8ac0,Brewster,Ahren,1,1,5,1
83289f07-4e15-4ce8-b805-4777f5835f82,Shelby,McIndoe,0,1,3,0
6b269397-a999-46de-915d-71ec50050e3b,Margarete,Varndell,1,0,5,0
7d471128-a934-4952-9db8-8b28afda79b7,Irene,Purvess,0,0,5,1
b5d8d872-c937-4ea7-af90-8e4f4ba468ab,Sophia,Novotna,1,0,2,1
820c3386-b3b6-4ebc-83e6-505c54a476b8,Jackson,Shepley,1,0,2,0
4da262f7-14b5-42e0-9862-e39322307a4a,Wendel,Januszkiewicz,0,0,4,1
cdc9f575-9922-4838-bded-fb8567b78036,Bibi,Lumley,0,1,5,1
3c83e397-8b80-4db9-ab8b-92bf7266237c,Thatch,Hoffner,1,0,3,0
35d3a3ab-1465-4a60-b580-dda77e448e85,Austine,Kowalski,0,0,2,1
f7ed73e0-889a-4614-9c0d-c2f54aa3b5e7,Calley,Trippitt,1,0,2,1
f399d64a-8212-4126-ae90-61c3d8051ac8,Eryn,Fewlass,0,0,3,0
eb6bd1c6-4174-410c-aca5-81f9c815facc,Valentijn,Gribbon,0,0,2,1
72485893-abf9-4476-a4e5-1d55e2ea702c,Terence,Hitcham,1,0,3,0
b30fa08a-03c0-44a3-943d-b2388ce2f4c4,Martica,Cuttell,0,1,5,1
9d2e1a6f-6a7b-4f6c-87a8-b65f38f50b41,Ede,Lammers,0,1,2,0
2b898c5d-bf7e-4a4c-aeb2-11731d9a0ed9,Nester,Turbat,0,0,2,0
d1f12359-0074-4b17-8e37-80fd50c5e676,Abbey,Aleksidze,0,0,3,1
da25c53c-e0fb-4461-8b41-ad4797126b37,Laney,Kiddell,0,0,5,1
dad70772-59ff-44f6-bc9b-663c1ee564c4,Cyndie,Wikey,0,1,2,1
22a253c5-3e2a-4224-a5ec-0894619b715c,Willyt,Lazonby,0,1,2,1
f7f5152a-c263-4343-a8ce-38727d2a6a1e,Ursola,Wasbey,1,0,3,1
f26c8d5e-24be-4e3b-bd50-aebae7d3cc77,Roseline,Eckh,1,0,5,1
7812a485-b29b-4993-8815-7ec2cd07bb99,Fredia,Macellar,1,0,2,0
ec3bea19-21aa-43af-968b-b8484ccb2f28,Brocky,Hendrichs,1,0,3,0
bc24e590-ad99-488f-a82a-9b3e966f5b7d,Ebba,Chaney,0,1,2,1
5875d2d4-035b-4d75-9090-531bb99cacdd,Lucila,Attwill,0,0,1,0
6dac716c-6abf-4377-a8dc-35c1938015ee,Florie,Keitley,0,0,2,0
e7c01e3f-f171-4ef1-914d-596567310fbc,Denys,Benez,0,0,5,1
19a50209-a00b-4c92-addb-b9b703e79557,Emmalyn,Kloska,0,0,2,0
169706c9-8d65-4c9e-8ac5-33640cc5e579,Sydel,Beri,1,0,2,0
9e3d7337-7fef-4c97-b3d3-5cfb49df9d58,Maximilien,Brumfitt,0,0,2,0
fa2eb367-836b-481b-9186-c8b1587db635,Patricio,Minchinton,0,1,2,1
ec3b9bc1-6e35-4f92-bec4-ddc29fb3a3cc,Tori,Garley,1,1,2,1
d36344e3-8553-4f34-a56b-4f7b0c4afc40,Junia,Cathro,0,1,3,1
80a4a969-6396-4497-8c63-62368e926f5d,Ursula,Nowlan,0,1,1,0
f3d77f71-c47f-4eff-8b78-9c28ad7eac8e,Frederique,Everiss,0,0,5,0
4b777c5a-1650-4d2c-ae98-103b8e8e61b3,Ingemar,Cunde,0,0,5,0
f2740edb-8f1e-4b37-8081-7e0aa5f827dd,Olimpia,Decourt,1,0,4,0
88d28f20-02bc-4055-9d60-7bff0b17163a,Huntington,Huygens,0,1,5,0
0ec56a1b-8372-4bd5-9ae5-48a97fac9aa6,Benedetto,Cheesley,0,1,1,0
917dfd1c-7428-4595-9de1-6a7b22430f21,Bone,Rylstone,1,1,2,1
ea6d676b-0e9d-4aa8-9d6b-ca8d5487211a,Kristoffer,Holyland,0,1,3,0
8886072e-2116-422a-a157-2e1cce2a9d76,Dario,Newick,0,0,4,0
9152f581-5a5b-4822-9973-9a8e1984e898,Susie,Stollenbecker,1,1,3,1
f20bdf9a-15b2-477f-af62-4385f89d7f56,Yankee,Maudett,0,1,2,0
aafef8ee-f7e5-42e1-b85e-b9243728cb64,Shelley,Battison,1,0,4,1
cb422a8c-827f-4764-a30e-882917b3af82,Davina,Ettritch,1,0,5,0
cc5957e2-1660-4aeb-9b84-8f755a2d9701,Ursa,Copnar,1,1,4,0
99f39a9c-88c9-4005-8c2d-d639eb188bc1,Eunice,MacNamara,1,1,5,0
75035f13-4fec-45d8-9eb1-199de5aabccf,Linnet,Dicken,1,1,5,1
085f05a6-403a-4340-8980-83b787703d0b,Hyacinth,Ackers,1,0,3,0
a4d36935-03bc-4047-9c96-a92f86a745af,Willey,Dew,1,0,4,1
ffec03e4-255c-4e45-9040-ddef046b8a7f,Edan,Finder,1,1,5,1
ca258556-ccc5-4f54-a3cf-ebd86de98f0f,Leisha,Leedes,1,1,1,0
eda457b9-24dd-4b48-ab89-84a57a6bb424,Rayna,Borgnet,0,1,5,0
96a07171-4917-488c-9cb1-26a1738024b3,Donaugh,Arpur,0,1,2,0
8665b9bc-970e-450d-b58d-903b5c760970,Anastasia,Ruggen,0,0,4,0
cdb1e006-c931-4a87-bb47-d29ea81ae231,Marcellus,Duval,0,1,1,0
a8980ca5-760d-4c26-a7ac-f3a0b9ce047e,Koressa,Normansell,0,1,4,0
962c1fb5-1d43-45d3-b9e2-79354160b83f,Shandie,Bazeley,1,0,5,0
44cdad6b-eb16-461c-9c25-58fa3aa7dbbc,Desiri,Edeson,0,1,4,0
75ad744a-d678-43e9-ab66-6725b73fb519,Keelia,Threadgill,0,0,2,0
40cc4728-c630-4744-b897-fd8759dd449e,Wainwright,McIlheran,1,1,2,0
3df882a7-e0eb-4b11-a937-d830e0e11e52,Jerrome,Lount,1,1,5,1
ff9cdd46-c977-4861-8f2e-cdeed437c934,Gerry,Buttel,1,0,2,1
7c79eb1d-fd8c-49bb-8b32-bc4623f9313c,Car,Myner,0,1,4,0
a5899fea-ef40-4a6a-af37-4ab0a37bf116,Anthea,Lockey,1,1,1,1
3699dd4e-0e0c-477c-b5a6-a9c0f4a3f667,Joy,Varvell,1,1,2,0
497d04fd-04ad-41db-9f80-bdc3f9590a5e,Odilia,Hastwell,1,0,3,1
f04c48b8-7751-4494-a149-45a35cf5e694,Karena,Griniov,0,1,1,1
32c7ac64-a90e-42e8-8aed-8466ff08c73d,Jose,Verdun,0,1,1,0
8bf3fcdf-342e-4753-9d0f-06cbbf727496,Kizzie,Wyleman,1,1,4,1
67fc767e-b20b-423b-8216-b174950ef8e2,Mikael,Ciani,1,1,5,0
289be2f6-e10c-4cc0-aeff-19fa4f52a9f6,Ambrosi,Durant,0,1,1,1
2b4fbe13-ea02-4749-944a-a88c1c413aa8,Courtney,Dripp,0,0,1,1
fb757159-d0d2-461c-9b3c-5e0d71102dc5,Frazer,Goodere,0,1,4,1
b2c73909-11eb-439a-97ac-995986c7e852,Liuka,Greenly,0,1,1,0
2f7ab805-2f8e-4d5a-a8ef-9e99326867c8,Harp,Morgan,0,1,5,1
190c6c1b-be03-490d-8a56-780f1a393f82,Ephrayim,Stollsteiner,1,1,4,1
547f1729-130e-471a-9b04-b98767963b41,Dorine,Heatherington,0,1,4,1
c4987019-e29c-4586-9da3-aa72bae4edd0,Sloane,Hollyer,1,1,5,0
2847ae46-3e9f-4e5e-b9f8-bdacc6958f53,Carita,Guiden,1,1,4,0
db7ba2fa-4964-4df5-bb2d-59e9d543055d,Elva,Hudspeth,0,0,3,0
206ade9c-f286-43a2-8197-09f5cfac8ddc,Louie,Chamberlain,0,1,2,0
d6735d33-36ce-4250-8ae3-fc50c5227971,Franky,Tombs,1,0,5,1
a5d6e879-2a08-48c8-a244-c55b17e0feec,Kimball,Mordie,0,1,3,0
3112a4f2-40f4-432b-8c3f-ccebaf24bdbf,Tabina,Vuitte,1,1,2,1
80f0a849-489c-4003-bae2-4bf06950eead,Bette-ann,Gorham,1,1,4,1
8ca16186-41c8-40c1-b198-e27f7abe98fc,Merline,Rosevear,0,0,2,1
a772b64c-b0c8-412a-a030-97698d1b1a3f,Hymie,Kilkenny,0,0,5,1
695e1403-6dcf-4c78-b8af-89d4b46e3f1b,Seana,Torrie,1,0,3,1
d3d0d4dc-88ad-4cbe-9e91-720b9739b735,Saw,Skoughman,0,0,2,1
a5e6b38a-11df-4903-b9ab-cbc53be7c491,Aguie,Gallihawk,1,0,2,0
d7072676-1bae-49f8-9a72-b9151bf7bca0,Mersey,Girodin,0,0,2,0
1f48244d-91a8-4eab-bf2b-3a2aec4e6c63,Clarine,Danilchik,1,1,2,0
4783269c-3236-47bd-aec9-7a06e804c693,Derk,Rookesby,1,0,3,0
6a53c731-eddf-4c86-87b3-77d5ce3e45aa,Perla,Beaconsall,1,1,3,1
716328e5-3f52-4d57-8b34-06f44839f1fb,Kurt,Iddiens,1,1,1,0
3aa00d18-963d-4613-8d72-d7796422b8d7,Craig,Moyse,0,0,4,1
c812cf07-ede5-420b-822b-0f2c99699b5f,Chelsae,Clowsley,0,0,1,0
ea555e4b-db0e-4cc8-9362-330f3a1b7bd6,Danita,Stygall,0,0,2,0
513e0fd0-d9bd-4df9-9b91-dbef4349ea2f,Gerry,Abbotson,1,0,2,1
0751b3dd-1adb-4770-bd15-290d048617df,Gianna,Potter,1,1,2,1
55f062db-e52e-42b6-a5bd-d2f65b7ff57f,Marissa,Siddeley,1,1,2,0
2077a51c-368d-4148-9080-06e8e968e988,Quintin,Riccio,0,0,2,0
78500767-b56f-488a-8d05-3a241226764e,Brittan,Iddiens,1,1,2,1
294cb896-b0f3-4e51-86b8-b6676afd24dc,Min,Wilkennson,1,1,2,1
99038cba-a2e2-4931-8ddf-c4752f62e225,Eward,Prandy,0,1,5,0
e7f23489-4dbd-4583-9928-196a0204b058,Filmer,Tullot,1,1,5,1
25946164-0857-4e64-b267-328b4609e945,Charmane,Lethcoe,1,1,2,1
00aa5322-6ca7-485e-b418-ed3c734c1074,Celestina,Bishopp,0,1,2,0
ef937325-02e5-4f88-bf49-009d10c5acf6,Kristal,Gandy,0,0,1,0
ebdf50df-e1c7-4efb-be83-ac56e50a7176,Hershel,Andresen,1,1,2,0
031b8e4d-e64e-461c-94db-32377fc701b7,Filippa,Harses,0,1,3,0
a36b67bb-a199-498a-920f-2a2df728a6a7,Bobbie,Speenden,1,0,2,0
8d1f54eb-571f-4e2d-b7f3-4c069cb4cbbd,Rosmunda,Broadbent,0,0,4,0
626827d8-2ea0-4ec9-86cb-10bae0d41ab7,Saunderson,Cowern,0,1,1,0
1fbbf725-07e7-4b8f-baa0-a499eb0feb05,Ron,Bartomieu,0,1,4,1
a1a13976-bf5e-4c8a-b6cf-caad5afb4b3a,Michell,Keatch,1,1,3,0
ab7664a0-98b4-4011-8551-f184afb72cfd,Wayland,Steuhlmeyer,0,1,3,0
72b7727a-c1de-4c5e-8e6d-be206d6b7890,Judd,Gostick,0,1,5,1
efe4e95b-0bdd-480a-ae6a-94b0530c7603,Luis,Wagstaffe,1,0,4,0
f6c7ac76-d8da-4c47-b2b4-dabaef10d0b6,Abie,Duckerin,0,0,3,0
f1e3b099-79cb-4c99-950f-cef8e1a05515,Seamus,Guidelli,1,1,5,0
45cb0cc9-ff91-408f-beec-ad4d8db9d627,Tiler,Branigan,0,1,3,1
6368016b-9387-4605-ba13-d554f06ae2f4,Tad,Speddin,1,0,4,0
04baa5a1-b089-4989-a179-e3e2b4377d81,Whittaker,Lindborg,0,1,3,1
2d4b81b5-7f88-44de-bb7e-188678ffafcb,Jonathan,Bawcock,1,0,1,1
af140ec9-9ad6-4992-8e26-bb67e7655b9d,Georgia,Befroy,0,1,5,1
f69793f6-2270-436d-b8a3-4382d62b2e15,Brianna,Mannie,0,0,5,1
87a9a4a3-6e03-4676-99d3-409c1e0ad9e8,Linzy,Found,1,1,3,1
fde7d10d-d0fb-4af2-b8e3-00fc47172446,Ofilia,Costall,1,0,5,1
71e53593-f76d-452d-be31-c78457af0115,Sawyere,Kleinhausen,1,0,2,1
5b166770-8cc8-4791-8b81-a7a6f1e42426,Dolly,Seton,1,0,1,1
555bccb9-cd9d-4bce-8848-144c5ad08dcb,Virginie,Dunnaway,1,0,5,0
1c152b7c-4cd3-42ab-922f-a2ab2cad2ab2,Niles,Bariball,0,1,5,1
4fcf36dd-e9cc-40b2-82ea-1a37389e2376,Franklin,Sallter,0,0,1,0
9d838825-2c50-41d2-b59a-6c3f16716614,Karin,Lauchlan,1,1,5,0
a94c0f52-3f7c-4db8-bf3e-4696552de47c,Sela,Pearn,1,1,4,1
c39d40f6-285c-4e93-9c20-bdbfe822fb15,Krisha,Bierman,1,1,4,0
6c9e55e6-0296-4fe7-8fee-c1fc939bf89d,Mireille,Byrch,1,0,1,1
bfe6118a-9289-4fd3-88c0-57a44ab264af,Thorstein,Barnsdale,1,1,1,1
95616e7e-f085-4162-975c-cfd9173ec472,Paige,Tidbold,0,1,4,0
2b7d5287-d810-4a75-8c49-3549ecc94862,Silvain,Booler,0,0,2,1
6f2da102-a7e1-4107-b370-8d89f58ed116,Lester,Myhan,0,0,5,1
27c1fab4-cd4c-4d50-af5c-c534121e5591,Evin,Pauler,1,0,4,0
b2af07ac-1fb2-438e-bdc8-d7cbe6b6fa1c,Terri,McLurg,1,0,5,0
070ff9e1-7d5c-4950-88a8-976868257d4c,Ewell,De Lascy,1,0,5,1
c9207846-ccf3-4f40-96ef-91f4be8fcaea,Sofie,Arni,1,1,5,0
21dfb4b3-9e55-4931-a42e-0f2a4149e4c2,Tyler,Wadhams,0,0,5,1
e0415941-e25c-41a7-81a3-1ff26fd116c7,Jorgan,Maddox,1,1,2,1
52997aaa-0137-467b-afcf-fbb27975e4b6,Orv,Hellard,0,0,3,0
9ba3e0d7-7339-4bbb-9891-5239a2111bfa,Jorgan,Fiske,0,0,4,0
b68711c3-26c7-404d-acf1-658db1380b1a,Myriam,Grimbaldeston,0,0,3,0
1aede326-4d86-43a9-b3be-44195446b4d3,Vitia,Frome,0,0,2,0
dd6afe7f-0e7a-498d-9b5a-7bb4394189c2,Damaris,Yeatman,0,0,1,0
3eafa6ba-418c-4687-a506-6ed95e328956,Gardiner,Lycett,1,0,3,0
6b22ea74-862d-42a8-aaf8-5b74b1207a8e,Opalina,Sparke,0,0,1,0
78e2a11c-9eb1-4e58-975c-e7c166ed23cd,Cheri,Comport,0,0,3,1
0ac088c6-de56-4aec-9578-37bf37abacc9,Jasmine,Dallender,1,0,1,1
0714ddb1-5bce-4622-a140-721a51ede99f,Corey,Roylance,1,1,3,0
e15c19a9-2af0-46ba-b9ed-63383e92a74f,Nanni,Maden,0,0,4,0
782cbe43-4b6d-49ce-ae7c-192d78a35ea5,Bernice,Aguilar,0,1,3,1
ea7b9271-88c2-4259-b6b2-4d7820cac0fa,Aaron,Seabon,0,0,4,0
eb799c1a-73ff-4f57-b489-8f419cbc915b,Mervin,Lyman,0,1,3,1
ea4a508e-90e8-4eee-ba85-32727d2f1afe,Ginger,Folks,0,0,5,0
dc2e7736-1d47-482f-aab9-10010d07712d,Christa,Bredgeland,0,1,5,0
c3674ea9-3124-465e-b34c-e26b1a922b36,Ephrem,Fleming,1,0,4,1
904aecc0-4bf8-476b-9e4e-286949d7d9f3,Moises,Hawker,0,1,4,0
6d9ef476-e7a8-428b-9343-4a2224c9d6ff,Sigfrid,Ladlow,1,1,3,0
e42da632-7d58-4086-be73-f7e28b951ab1,Peggy,Brayley,0,0,5,1
6ae03ace-0997-41d2-87c5-4a5daa11b864,Letizia,Staten,0,0,2,0
d54aa29a-1f24-4b70-8146-f03ff78f9d05,Hugibert,Habbema,0,0,1,0
aa11e52f-d7d0-4583-a494-9eeb03da24a7,Petronilla,Highwood,0,0,4,1
7ee96abc-3617-43de-a535-5fe4ee8e6203,Gabey,Boldecke,1,1,3,0
4865cab1-216b-49bd-affa-e352e6bd95c1,Prent,Starking,1,0,2,1
b9704496-7ef8-4cd3-b177-69eaf6b24541,Devondra,Pods,1,0,2,1
6c409610-752c-4a8c-b897-f44133a53fea,Michale,Emanuele,1,1,4,1
c66062bb-5ee0-448e-ba18-27f502aaee21,Asia,Yakubowicz,0,1,4,0
652dc394-9db2-4ecb-9e50-562b553585db,Erica,Olliver,1,1,3,0
bb68ea3d-596c-438c-9976-f761798ab53e,Maiga,Balfre,0,0,5,0
7885f9d2-9dd6-4aa8-b831-f9c4c19127ab,Burt,Fairney,1,1,1,1
6ceef396-f54a-4312-869e-05f5cadf4a38,Alexandre,Lusher,0,1,5,1
af4893bc-dc1c-4edb-a327-29d845b6c6a7,Skip,Assel,0,1,3,0
900dd1e1-d93f-43f7-8f38-4644aae6bb87,Lindi,Walley,0,1,2,1
5787fd3b-7552-4f35-822b-dc17fe71e61a,Pace,Pogg,0,0,2,0
63ca72f1-434e-45d5-a423-a1b11e7600e2,Cosimo,Garretts,0,1,3,1
80e645f9-deea-4a09-855c-e0edc3445a3e,Garth,Renoden,0,1,3,1
515003fe-73f4-4d58-8813-ea7f1c13e0fa,Had,Frean,1,1,5,0
1218271b-1baa-4162-aa64-eca53542682d,Galvin,Annwyl,1,0,3,0
98ab197b-09dc-42f0-826b-d8f86416bcd0,Georgiana,Lemmanbie,1,0,2,0
607b65aa-3390-4b61-998d-2baac1ef53df,Biron,Greeno,1,1,1,0
efa74357-9c2e-4442-ae57-fe91fe2074bc,Allison,Wadlow,0,1,4,1
a9f18820-782b-45ee-93c4-353729e8047b,Nicoline,Badland,0,1,4,1
857003df-d24e-4a04-acba-0d32798caa8f,Pattie,Naptin,0,1,2,1
20d9615e-ead1-42f0-9442-f121e008401e,Cece,MacKall,0,0,2,0
3e768e81-eb27-4cf0-8abd-d0af58adc371,Romonda,Gleave,1,0,1,1
96942f68-bcf3-4abd-9429-10afd3affed8,Barbabas,Devennie,0,1,1,0
27b2c2af-53f9-43f9-b220-3dddbd83e39c,Lois,Beswetherick,1,0,5,1
3bcd08b5-9038-43d4-862b-eae1b2aaced9,Rosalynd,Oxtaby,1,0,4,1
dd13f22c-afb7-4e22-af72-18cc2caeb7c1,Perceval,Rosenvasser,1,1,2,0
6e2cde40-a9a9-40cb-b30d-27f02b8e98ac,Ernaline,Blanche,0,1,1,0
b9dea448-0189-4c7b-8ec4-ac9fd2f00002,Fitz,Nassau,1,1,3,0
4f87490e-47fc-4a04-9b3a-ff0213846418,Jasmin,Ellerington,0,1,5,1
891bd575-9ed5-447d-b7bb-315d83a76ce8,Margi,Wormstone,1,1,3,0
9de6c782-de7e-42f5-bb64-ce6539e204f7,Arden,Wivell,1,0,2,1
e9f00e41-ead2-430c-bc07-752c38af9b55,Nonie,Knights,1,0,3,0
a531ca5d-4871-4315-a35f-eddcfa359ad5,Shelley,Schoenfisch,1,1,2,1
821af632-9352-4dea-be2a-d63a26e5c417,Willi,Feavers,1,0,1,0
25694ec5-142e-40f3-99eb-5dae0db79068,Addie,Aspinell,1,1,2,0
a044e634-9ccc-4720-afa7-10406cf280c5,Darn,Awton,1,0,3,1
1e764272-04c1-427a-ac9e-deca3acd6462,Javier,Ambrogetti,0,1,2,0
c6a7fdbd-1c16-434d-84d2-f837f7b851cf,Alvie,Stivey,1,1,2,0
2b5fad1a-8ed6-4405-b5e9-20c7ca583ab5,Cordula,Vinick,0,0,2,0
10b9c894-6638-434b-976d-69e8f3ec08c8,Vally,Wagstaffe,1,0,5,1
b774bbcf-ac1a-452a-bcb6-89dc031ac1c0,Teddie,Sneesby,0,1,5,0
d1a71d79-713d-4b4c-aa97-f7b769670455,Christie,Lappin,1,0,2,0
2a63bd36-bcc7-4a5a-8c9d-add5ab6fbd4d,Thomasine,Orchart,0,1,2,0
ce9e21e6-bf38-49eb-89fa-519f06135220,Stacey,Idale,1,1,5,1
8aa24ff3-50b6-4e33-a52f-3559c1ab643d,Merry,D'Aguanno,1,1,5,0
16cf9a7e-44ca-40cf-9211-f9043711568c,Clio,Lebbern,1,1,5,1
e53d5499-5985-4a5d-88c7-a1cb9e94a58a,Murielle,Verrall,1,0,3,0
df614a79-f803-4313-82d6-00e76ff7b4df,Caz,Trayhorn,0,0,3,1
327de36c-9fd5-46c3-b715-14c1c9d306b6,Alphonse,Cockling,0,0,1,1
ca859d91-e020-415c-809e-c9cae0501cc6,Orv,Gonzalvo,1,1,4,0
ba1aaac7-345c-46a6-b42f-6dfda1ed8398,Lynnell,Markus,0,0,4,1
33449ee9-771b-416d-b644-2c3d32ba5f07,Nonie,Simonsson,0,1,3,0
614da43b-de38-469c-ab6b-f58128e205a3,Weidar,Hemms,1,1,2,1
c35fd4b6-310c-400d-977b-a93d3b852950,Sonny,Pfeffle,0,0,1,1
f7dac4d0-7cdb-4b04-8691-cc9b8a2266d8,Tonie,De Michetti,1,0,2,0
af719b53-a948-4e14-a3f8-7386ae6ea0cd,Marice,Note,1,0,2,1
c233ff88-6ae2-49b3-a0db-e26a82637844,Mala,Siggins,0,1,1,1
565d9d0d-de05-4b44-be75-c309a69a13cf,Gussi,Poulney,1,0,5,1
2b127acf-152a-4f37-8009-eef72677f16f,Carlynne,Hartzenberg,1,0,2,1
985fa973-107f-45a7-9847-299d24029ff5,Reynolds,Burren,0,1,2,1
683b44f3-6283-4e3b-8ddb-00e350240419,Arlinda,Verring,1,1,4,0
d38efb47-2834-4415-be11-32c951d82c25,Aron,Ca,0,1,2,1
02dbc0e0-b044-41a8-b7af-899b88887bf6,Carroll,Donke,0,1,2,0
3e87dc2c-3151-44df-a3ca-aee5b279d051,Ripley,De Gowe,1,1,5,1
4a286b36-b373-4e37-aa7e-adebded6b9e3,Rey,Hamblyn,0,0,3,1
2c2e1618-2f64-4be3-b71f-cbeddbc1949c,Allyson,Laville,0,1,4,1
70532335-8a17-4a44-9e70-43a7e0e4e0d3,Danice,Magovern,0,0,3,1
1c2f3be3-388c-4888-8fde-f25527778576,Gian,Swynley,1,1,3,1
2404c271-a73c-460a-8c35-d0d480d17df9,Maurizia,Crosfeld,0,0,5,1
bb10dfbe-1e6a-499d-9d9a-6e3565d6577b,Darlene,Rimell,0,0,1,1
f342b4fb-d39a-449e-b352-90e4e5005c76,Bernita,O'Gleasane,1,1,3,1
34e3df90-aebf-4479-a2e9-0c0b95bd93b1,Harriott,Chismon,1,1,4,1
675c001a-9569-4eca-a9f1-40e3679776e4,Clem,Madgwich,0,0,4,1
99f9b840-cfb5-4c5a-8cb6-8d63f5f93729,Ronny,Lovstrom,0,1,1,1
870ff4f7-e612-4ac5-9b3e-500f7f44f084,Evangelia,Dalgardno,0,1,2,1
b844b347-939a-4262-a57e-20f780889146,Jehanna,Arlidge,0,0,3,1
427a3862-be7c-4b3f-b8e3-984a649f32ef,Cirstoforo,Stollwerck,0,0,1,1
bf2502ce-4756-48ae-9262-950f1bdc6dc2,Pansy,Humbey,1,0,2,1
038e15c8-233a-4dff-bd0e-9d589bb926c0,Teriann,Knock,1,0,4,1
8309dc15-be13-49a6-8ff2-597661df165b,Gaile,Mauro,1,0,2,0
7e412a69-54b5-4c91-b66c-1ee6d08b0446,Hanna,McNeilly,1,0,5,1
82821aa4-523b-4de6-a5fa-ad274ff274b9,Lawry,Binge,0,1,4,1
37a21253-507d-4001-a7cb-4077a626a3f1,Zaria,Moir,1,0,3,1
8d8dfcf8-f73d-404d-87fc-93397d0d640d,Sylas,Curado,1,0,3,1
48543516-959a-4027-995d-f9d9970f09b4,Dolly,Severn,0,1,3,1
ebbe536c-3500-444c-a19d-6e573b05a1fb,Kiley,Lantry,0,0,3,1
e404f5a7-ef06-486b-87b8-6a0aa28ccb13,Kally,Pacey,1,1,2,1
1b04dbb0-2d30-49ca-a477-f8ea6454f9a4,Fina,Lynett,0,0,1,1
b45016be-0805-4b68-b954-46b90da740cc,Tye,Shovelin,0,0,4,0
9b15f6c0-b20c-441a-b2c3-15a085427de8,Elfrieda,Igonet,1,1,5,0
a1a2cd33-af70-43b3-9bb0-9968c7249e0f,Charleen,Mcimmie,1,0,3,0
ccc4ffa1-ce5f-4cac-b02b-aee1b9406955,Raimund,Whitington,0,1,2,1
e9d5aec1-4029-4449-b33e-ae8d2ee75004,Scarface,Nowick,0,1,4,0
31da97fb-fd75-46dd-a840-bfc8db4a1955,Chev,Jarrel,1,1,5,1
492c26e6-d328-4d87-b6f9-a5cba5f81020,Bailey,Falconbridge,1,0,5,0
8aa7f1dc-f89f-4362-b854-535a3c2eb4ad,Holly,Glandfield,0,0,2,0
5bfc1c32-64d4-4eea-8717-c5036eac36cd,Lucie,Escot,1,1,5,1
49b00181-761f-47fd-9521-137879d71a3e,Hope,Toop,0,0,2,1
e59ec0f9-f6af-4cb7-b4c2-dc0905bdf3f3,Lenee,Naisey,0,0,3,0
fb0e40a0-50c9-49b7-9058-3a229bf976ff,Alford,McMyler,0,0,1,1
6b48687b-f747-41ad-8055-05002caab10a,Early,Shurrocks,0,0,3,0
2cfc781a-0abf-4ec1-a5de-fc86caa09b10,Dagmar,Snozzwell,1,0,2,0
e55f0357-93c1-43cb-bc4b-e85bc4eca30f,Doreen,Docket,0,1,1,1
69554f0a-51a7-4430-91fc-3bff1644e4a8,Alex,Muzzollo,1,1,5,1
0a19e733-5ade-4ebb-a3e9-5e196acc6657,Bradley,Jacquest,1,0,5,0
0b724d3b-26e9-4177-a501-a93ed8160b0c,Randene,Larrad,1,0,2,1
2ec7b2f9-7de3-4d4a-b22d-eb2133755acf,Ileane,Kirkhouse,0,1,2,0
8e30e247-91eb-418a-accf-ee0f84dde65e,Yetty,Braunle,1,1,2,0
7ffcbaa5-4634-4138-aa39-23016528cf08,Lelah,Keener,1,1,3,0
c18d4003-7e2b-4565-847c-f076aebd886e,Tabitha,Galsworthy,1,1,3,0
2b5b63a9-df50-4eb0-a84f-52245271bb11,Corrie,Breinlein,0,0,1,1
468decc8-716f-4325-beed-b4611f1d7b47,Cyrill,Linney,1,0,4,1
cfdd3cd7-867b-4192-a864-945cbe86c659,Issie,Waterstone,0,0,1,1
13f8aadd-031e-4c23-9d49-73fe78fd5262,Louie,Eloi,1,1,4,0
4c1d7053-29f3-4bd2-8982-8f4ef8533c8c,Carmela,Oglevie,0,1,1,0
746d5655-aba9-4fd4-bf8c-ec1a5166f106,Aldin,Braisted,1,0,3,0
f4bc5474-274f-4fc8-855a-496e39e4433c,Fowler,Heathcott,0,1,4,0
ae9fb844-7ca3-4383-9941-e9c2cecde57b,Legra,Zorzutti,1,0,5,0
79e0373d-a536-4ef0-8c15-67a65f01444c,Timofei,Salasar,0,0,3,1
1196efb1-ab13-46f3-ba84-c4f9be8eab9b,Jared,Sigward,1,1,4,0
98fcc993-05c1-42ff-af2c-85fecfea5dba,Swen,Landers,1,1,1,1
2c5f6f1b-9ded-4be0-9b2b-814c403f3221,Kore,Davage,1,0,1,0
5a7b5087-2bb4-4b45-8257-aac282ce59b4,Theresa,Lalonde,1,1,3,1
78f6b895-7ca4-4de9-88ed-f9d5f18ee0f1,Faustina,Do,1,0,4,1
42c8b747-8b57-451b-a2bc-1738d6c4128c,Darb,Rochelle,1,0,5,1
fa360d25-19a4-4269-b6c2-96cb7c4b601e,Luce,Alentyev,1,1,5,1
715e57b7-7919-4cba-995e-fd6b5038d070,Cortney,Cream,0,0,1,1
b7715a9e-044b-4e3d-b8e9-b50481c2ac6c,Egon,Twoohy,0,1,2,1
e847be73-4bd4-42d7-b590-068a24a9413b,Winnie,Torrejon,0,1,3,0
d49a8720-35e4-415d-9650-511100ac1949,Danie,Cunrado,0,0,3,1
b22d8391-f755-444e-8c3b-a59ae28a64b3,Abraham,Fretwell,0,0,4,0
b17e9b4f-590d-4186-983e-ae0522869729,Anjela,Syson,1,0,3,0
61ebf2b3-0356-4220-a58f-ecc69984590d,Skipton,Diviny,1,1,5,1
51500b49-9b2b-47e5-ac99-0dda93f0acbf,Connie,Fluck,0,1,2,1
c749614e-d5a8-4b87-9c30-7ebf455edd1f,Euphemia,Longhirst,1,0,1,1
6d9d635f-f828-4707-99ce-7345341e2a98,Paton,Arnoldi,1,1,5,1
6b2cf499-3738-4a3d-a482-f97805cf67c5,Chloette,Falconar,1,1,4,1
2380b580-3548-4ffa-8a2b-5d29fa0b45c5,Ailyn,Garbett,0,0,3,1
181a8a5d-4eed-4d3a-85f1-c9844723737f,Mitchell,Stoffel,0,1,1,0
5132bacc-dea3-48c5-b80a-9d813d61c584,Riva,Silkstone,0,0,2,0
07378812-1abb-4751-b7e9-9d5e5094df48,Rochester,Dawtrey,1,0,1,0
54cb9a80-7606-44f8-b8a2-bcd352083ff0,Karita,Blaasch,0,1,5,0
1af3f7aa-591c-4742-90ec-f3537a5a2503,Roxana,Yokel,1,0,4,0
67c3f430-70c4-4a76-875c-4289ed3aceef,Cass,Wrate,0,1,5,1
2ddd49eb-7553-4f14-8d78-43a02761f0bf,Stephana,Jeff,1,1,5,0
bb0eb598-cd85-4ce4-9b07-e12f0ca75494,Eleonore,Jillins,1,1,3,1
784a4669-33f6-46de-838a-21c5e829582f,Erminie,Rapley,1,0,1,1
b46beaaf-03bb-4489-a6eb-202533885e35,Madeleine,MacHarg,1,0,3,1
52175375-e102-4ddb-8321-36fbc29da340,Base,Guiot,1,1,1,0
65c9e4f2-f418-458f-a5d8-5b459e763456,Susanna,Garvie,0,0,1,1
aec18391-2d80-4303-9350-45d305666074,Cornall,Denyukhin,0,1,1,1
0ff06dbb-4131-4833-803f-762f2838db50,Blane,Paliser,0,1,1,1
6b29921c-e8f2-4a25-968c-86b5105a1d79,Peterus,Glasgow,1,1,5,1
28be1519-132c-46d6-8557-f850e764ba6d,Robert,Bailes,0,1,4,0
f1f46b80-307d-4d62-8151-97cb33c3cdf6,Kristan,Schwanden,1,0,5,1
13d9628e-250f-455d-91b5-dcdf521267c6,Jackquelin,Foxcroft,1,0,3,1
1fa3cd9d-c797-4e2f-bfe5-3319cadda9c1,Sybila,Avieson,0,0,3,1
3fd687e8-0856-48f3-8b3f-5dcd4661bab4,Brittan,Brewins,0,1,2,1
425b3e8c-ab29-4140-b18b-28a255cb41d5,Melvyn,Duran,1,0,4,0
1d6be696-7433-4a17-ba1e-261db9eb2bbb,Petey,Garroway,0,0,4,1
c68c416b-d4a4-4d1e-a4b1-2a7883e7b15c,Valeria,Tewkesbury,0,1,1,1
16053375-c7c3-4491-8776-34ca18aaf954,Lonnie,Tonsley,1,0,2,1
c2639815-e8f5-4908-84cd-5063eab7927f,Persis,Heningham,1,1,1,1
59b111de-223d-436d-b483-1d0a0b8ffe25,Cirstoforo,Karpinski,1,1,2,1
620e1275-f891-4681-aba8-086ce7105759,Cassi,Casajuana,0,0,2,0
ced92b85-b14f-421d-86bb-257901abda09,Alphonso,Glaisner,0,1,2,1
372cb6ef-41f6-4c27-896f-2ff8dddf9d48,Floris,MacPike,0,1,4,1
e712bf8f-a185-4893-b40f-0ae88645a704,Federica,Congrave,0,0,2,0
7ce55436-c919-4b8b-865c-7dc160b56d03,Theo,Kaines,1,1,5,0
94dc3364-7d29-4d8f-87af-cd44d0415e13,Royall,Stolze,1,0,3,0
3eabdf7e-86b4-4cb4-ac20-c524d9f5cc50,Elly,Disdel,0,1,3,1
b66d48f4-7fab-4472-9f5d-86f6813bf00c,Kiel,Schiell,0,1,2,0
07a74195-c15b-4517-9ea2-23320856b287,Worth,Dibbin,1,1,2,1
c0a3f82c-2238-4b91-9475-4053f07d07c2,Astra,Darlasson,1,1,2,0
bb329dc7-3554-4dd6-b9d8-7840d16a083b,Lucilia,Ben,1,0,1,1
39ced7cf-9ac2-4750-89c3-78ed2be616bd,Cherida,Coppin,0,1,3,0
04669f47-c1ff-42a5-8935-e095a5ce6126,Vanda,Benedito,0,1,4,1
b3080b5c-cf94-4b06-8514-f6b4a18ddf0b,Cherise,Baldrey,0,0,2,1
85c0895b-9104-4f06-89b4-8ca80fc5c4c6,Candra,MacDonald,0,0,5,1
ec297fe5-7c61-49ad-86b8-718e2ae0b36a,Alfie,Durgan,1,1,1,0
ca08bfcd-a091-4125-9485-fc8eec096017,My,Clemendot,1,0,5,0
554b50f9-f1c3-4e6a-bc9b-59f81824815b,Marven,Myatt,1,1,1,1
4114d2da-ae5d-4642-99a3-dd2a2938519e,Eva,Prinett,1,0,5,0
8a6460b1-6010-41fa-8727-e92ea73d6e13,Renell,Covill,0,1,5,1
fef217f8-71e2-4e65-8893-81f151a5dacf,Eula,Bernasek,1,0,3,0
47c39347-daf5-4d61-a12d-b3fe18cb2fa2,Sonnnie,McBride,0,0,1,0
a9f289f3-48b0-4aa4-996e-7dc07dae3557,Arabela,Marchello,0,0,1,0
4349ce7c-6814-4f27-89fa-3c49dc5bbde5,Raina,Brickstock,1,1,4,0
1d67ee3c-230e-4d88-b988-dd3c89075b73,Wyatan,Reymers,1,0,2,1
58b5db85-3fbd-41a9-806b-676c6db8175c,Cora,Demaine,0,1,3,0
161dcf9a-14a2-44b3-b64b-4d2023f789c8,Christy,Takis,0,0,5,0
271d3f35-b7fe-44f7-a212-3fa07b363193,Venus,Costain,0,1,1,0
7cd4123a-fd52-4420-9487-824a7cf07ff8,Brennan,Mullaney,0,0,5,1
6f10d1d8-5b0a-43ed-b690-0014028ad104,Tova,Backshell,1,0,1,1
256badd7-7fb0-41a1-b7c3-5059029b24bf,Gigi,Goretti,1,1,5,1
c149626d-283c-4599-995e-b8ee9842314d,Alfy,Gabey,1,0,1,1
3d11f687-dc06-4e66-b935-1c0eb277a2bb,Jed,Menhenitt,0,1,5,0
5f0736df-766e-47d2-b6b6-1ec6b625e433,Joanne,Mylechreest,0,1,5,1
05ddb34f-9710-4f70-941f-246e20697eef,Powell,Nisius,1,0,2,0
5bb35388-56fe-45fc-a478-0be25d23737d,Doyle,Cayton,1,1,3,1
78413b96-57c4-4adb-bef7-d4a01c34c624,Gilbertina,Kinnon,0,1,1,1
563f3aa1-0fbc-4f53-a3ba-24bf67e6707b,Paulina,Rudham,1,0,1,1
705cf07a-1acd-4902-9c8f-3486b7dbe705,Smitty,Hart,0,0,2,0
caff1b09-3f24-4fb4-bec8-64a160f6f0d3,Shanie,Corkish,0,1,3,1
58559e9d-34c2-44f1-8ac2-cfc317e889f6,Yancy,Heinzel,1,1,3,1
a633c45d-1901-4de9-b9c2-dbd3daf8028d,Emmy,Bonnett,0,0,4,0
d3f3b2d9-c14b-42ee-ba14-cb2b0b1b2089,Adena,Sebright,1,0,5,0
dfd25b71-15fc-4913-94b6-ca3f0a74f4cd,Waneta,Sneath,1,0,3,1
3a9370ce-188e-4b1d-9cd0-c8f3f49930f1,Cyndie,Diviny,1,1,5,1
8388ab54-6ac3-4b05-a86d-a584892d5588,Wilma,Chilvers,1,1,3,0
63f6e176-6945-40a1-800a-7058841ef0a0,Rollins,Creer,0,1,3,1
0645d782-9aa5-4b4a-bcfc-82d31c0cd0c1,Josephine,Chaudrelle,0,0,4,0
2c13a2e4-6b82-405b-839a-36350ba20b0f,Olag,Hoggetts,0,1,3,0
73db2f3e-3704-4b01-b4be-7aad92685708,Annabell,Sergison,0,1,5,1
41523553-a0a4-4243-b278-31bb8d74c064,Melisa,Chittock,0,0,4,1
a4966df4-5871-46d9-8c8e-a47abcb82504,Monti,Nolan,1,0,3,0
aefd7582-879e-4009-a226-4efb005afb1e,Gregory,Blindmann,0,0,5,0
0cd007de-e4b2-4f12-b7b8-170af19caa1a,Andrew,Stackbridge,1,0,3,0
cfbe2101-a8a5-41f8-9e3b-268b8669ef34,Stevana,Wickson,0,0,5,0
11e683f2-11ba-4cc4-b03b-4f8984d675dc,Dania,Poulter,1,0,3,1
d467701f-82bb-4950-9299-bd0b763a160e,Micky,Detloff,1,1,2,1
8979b0ae-8a9b-4510-a54a-fe5841d0fbb0,Zitella,Bulloch,1,0,5,0
8be5b566-ccb9-4022-94cd-9fd441424755,Marni,Callender,1,1,1,1
5aa417d6-f3a9-4ba7-99d6-e6473b4b007d,Lyndel,Broadnicke,1,0,2,0
3911b9f9-5fdb-4f80-9fad-f7dd515728db,Lek,Andriss,1,1,3,0
84f8473d-16bc-45f7-8dce-82da14ef37c9,Candy,Baus,0,0,4,1
0f4a54c3-1526-4c36-8670-9e424b049be0,Hoebart,Othen,1,1,3,0
71712100-afd5-4f0d-a0fe-ed8d711624be,Byram,Erington,1,0,1,1
b37859b2-1d4a-42b3-9099-075b69f73b4d,Hagen,Ricciardiello,1,0,5,1
89b142c0-b2c1-4202-994c-f43f93133cb2,Antonie,Dubarry,1,1,3,1
8ac81b9c-db52-4dfd-8a00-0e1667bdb425,Arther,Chartres,1,0,2,1
f1990d32-6157-4ace-9c59-486dc68dd9d3,Hughie,Bremner,1,0,4,1
571b0353-a727-40c0-abde-33cacbdd811c,Vernor,Nutman,1,1,4,0
1b418428-00e8-4639-9845-fa973343c424,Kimmi,Patmore,0,1,5,0
061b7459-43e3-46f6-ae18-8996f53ecad1,Felic,Chieze,1,1,4,0
a052c34a-7316-42b3-b473-bccee881dde1,Tanhya,Scrivinor,1,1,5,0
74fdcc16-c015-41a2-b196-3cfe0c77dd3e,Jabez,Dillow,0,1,1,0
3704c391-138b-4b75-9dd4-a5771826d25d,Noelani,Jeannon,0,0,3,1
de6e7691-a288-4e02-9646-c7f9f9ac80c1,Jobye,Barter,1,1,3,1
e5d0192e-039f-4540-8c53-ccb9e70b9458,Dania,Lampl,1,0,5,0
0638eb56-17f9-4994-b432-41844ac06d93,Wendel,Celiz,1,1,4,1
7873ddcd-10f2-4d5a-a9c5-9a16d5c2dfb4,Genovera,Dabels,0,0,1,1
ace421c0-6764-485d-ac51-79b2ee5eaefc,Kerry,MacNucator,0,0,3,0
6f5c0547-1a1b-48c8-9fe0-afec0dda9fc2,Hollyanne,Challens,1,1,4,0
3e63e4a4-3501-4f6d-8d9d-1ecad77b7bc5,Penn,Tindley,0,0,5,1
e323542d-361c-428c-b9e2-54714a587e14,Debra,Bennetts,1,0,1,0
f5308e18-22b4-4874-87d0-0eb600c84c3a,Ivy,Bruckshaw,1,1,3,1
5ab90f52-0039-4259-b80a-a944579fad7b,Damaris,Stoven,1,1,5,0
6fa8bcf8-c089-45d1-863f-dd939df67b26,Sybyl,Collingridge,0,1,4,0
7a36548c-4215-47f2-a47a-c0d0cdeb5552,Marleah,Balkwill,1,1,4,0
734c00aa-e6b3-48ef-99ed-19be8779dc7e,Hazel,Eisikowitz,0,1,4,0
2090d052-d0fb-412d-a3e4-5ae6e1f6c7ff,Frans,Meech,0,1,2,0
79a3f947-dde2-4a6f-a71e-4a4def97c176,Guss,Claessens,0,0,3,1
02858749-42b6-426f-a40b-bccfd2ab9457,Eldon,Cranfield,0,1,4,0
1aa9791b-9992-4393-9005-7b373186491d,Lilian,Martinetto,0,1,2,0
38faf80d-e60c-40c4-8cfc-b52345c54cd1,Marlon,Peasnone,0,0,4,0
3345fb43-afea-4f85-b0ce-d4009cc97410,Sidnee,Blakely,1,0,1,1
179c2625-9eba-4f81-997b-3ed9c83f09d3,Binny,Penas,0,0,5,1
9dd97e35-3bb8-4928-80ad-c9259da9e332,Josefa,Klinck,1,1,1,0
1c9b0501-fee6-47ba-a5ca-fe6c2ca80457,Alla,Scudder,1,1,3,0
49e80189-45e1-4dd0-9ac0-fcb3969f504f,Ardella,Gieves,1,1,2,0
199febbe-7372-4bae-9c53-e3ca46edb869,Toddie,Kermath,0,0,4,1
99aef3b3-5408-4f13-994f-fc8075f1dddf,Florenza,Stirzaker,0,1,1,0
c40a215e-204d-469d-a73f-e8cf90e66576,Gladys,Cregg,1,1,1,0
f9344683-c285-43a0-b4f4-372563a7d634,Angele,McCartney,1,1,2,1
3d25d45a-09cf-4278-83be-0c0c3c56f2c0,Crosby,Morit,1,0,4,0
8bd0fd4d-ce72-4d21-9499-de70a7261cdd,Boycey,Saket,0,0,4,1
75ef2eb0-7688-4137-9e30-0c255f5c6c7e,Jeth,Duchart,1,1,2,1
78b10f77-d856-4389-9f3c-95dc8602f75f,Luther,Kiss,0,0,5,1
6fff44be-b486-4c5a-8800-681f029cd103,Hamid,Chansonne,0,0,3,0
cdd33e61-86c7-49c5-835b-c768eb82ac29,Onfroi,Wainscoat,1,0,2,0
6c51acbd-6360-46ed-913e-cb7237e5f131,Artur,Bostick,1,0,3,0
83d65d74-4ca9-4adb-b75c-e0b35108c73c,Sutherlan,Ledram,1,0,4,0
43df3a89-5d57-4208-9629-44d9b27f1818,Lucine,Peagram,1,1,2,1
4f93cf32-632a-446d-a135-3e25f98baadf,Doe,Saveall,1,0,1,1
36f90891-08ae-44a1-bec7-9dc50eaf81e8,Zara,Ollivierre,1,1,1,0
ea62cdd4-ee60-4231-944f-1f8b84e26c2f,Chickie,Langsbury,0,0,1,1
2c24e233-7e03-449d-81ad-7e3dc9101bd9,Garvey,Skace,0,1,1,0
a775b521-5017-4ab8-9668-114348bb8f0e,Augustine,Frankcombe,0,1,5,0
84ca12c8-e02e-4d9f-ac30-930568416c3b,Cullin,Scadding,0,0,4,0
ab5ef998-84fa-413f-8417-c604b41547de,Gizela,Aronstam,0,0,5,0
3959e757-36fc-417c-bf00-6aa366b35dc3,Gisele,Chamley,1,1,5,0
32c96c05-1a53-4d70-99b0-c77df1e0f988,Dud,Hyndson,0,1,1,1
4ff39037-1b5a-4878-9133-a382342c8096,Evie,Bawme,0,1,4,0
84d3d711-eba6-4dfd-bcea-8c116663287e,Temp,Ingold,1,0,3,0
2c2f8bcb-801d-4252-899e-851d71ee94ac,Caprice,Fulle,1,0,3,1
19065881-d409-4d6d-832f-6f7a8c5d3629,Meredithe,Shurrock,1,0,5,1
5553f014-c381-40a0-b442-f09be47cd7c3,Sabra,Keets,0,0,4,0
a7845b4e-82c4-490a-b2da-e932ac78f8f8,Lavinie,Presswell,0,0,4,1
8e65cf63-35d7-4d79-9bc7-98cf2cbab8f3,Allayne,Fawlks,0,1,4,0
d19dd903-ead2-4060-856b-30037e5dcf56,Fergus,Chartman,1,0,5,0
7de8d438-bc4a-4989-95cd-2da1b9268b58,Tab,Malzard,1,0,2,1
e9ebbefa-0870-4eca-bcc0-85596e019a55,Dorrie,Korneev,1,0,2,1
3d546935-5bf8-474f-a49e-e871fff85bf0,Fidole,Cackett,1,0,2,0
116c4626-a69b-4d7a-bfca-0c8411c83945,Micky,Inglesent,0,1,1,1
8a1a2d2f-8521-4cbc-bfea-795b4966cbfd,Tabbitha,Harwin,0,1,5,1
ee057530-5a53-47d8-880f-219c4a5aec05,Dale,Hedditeh,1,1,3,0
302c8cf0-5580-4b56-a0d0-63dcbd8ab028,Hendrik,Coxall,0,1,4,0
3f5118e6-2498-47f9-9b93-70f16482eaf3,Coreen,Linacre,1,0,2,0
13ed7a63-e5c4-481b-a3be-1cc76873bd2d,Brandy,Duncan,0,1,3,1
de32eea8-68a5-4b45-9386-0cee2ecfbbef,Geno,Armstrong,0,1,5,0
d9a49740-2081-4697-b970-b27e7ba932a5,Hewitt,Rozenzweig,0,0,4,1
321ee915-7b1d-4770-ba1c-2bd3d0b7b565,Cecilius,Bartkiewicz,0,1,3,0
216a5caf-eb7e-4c6d-b117-80afb68f3bb0,Georgy,Bakeup,0,1,5,0
3f0c209e-1f8e-46df-ba9c-d7b79c812bc1,Filberte,Mincini,0,1,2,1
2a178779-0fdf-4255-84c2-4e9c50462aca,Othella,Manjot,1,1,3,1
c53facae-672c-4892-a3f8-bf15fb68a64f,Eugenia,Depport,1,0,1,1
2ad7cefd-f1c1-45b5-91dd-1601fe068c10,Hildegaard,Cliff,1,1,1,1
0d67e2cc-8490-49a8-8533-47f08ef79f0a,Lisa,Letham,1,0,5,1
1c80ba94-f9f7-4ea4-80d9-5762ce09ad5d,Wendye,des Remedios,1,1,3,0
5e4c2f04-83db-4f91-9b66-191d9d8ffef6,Darcy,Harnetty,1,0,2,1
3e73184e-5e46-4042-ade0-ea262ed45feb,Claudell,Kleisel,1,0,2,1
f8353000-14ba-4195-8999-3ce1521b72da,Efrem,Pauncefoot,0,1,2,0
849f27cd-432e-43d6-9f78-aee053b76359,Alyson,Wigsell,0,1,5,1
4f613c23-d943-432e-b7c1-41203a1e6db7,Brunhilda,Farfoot,0,0,5,1
6c6cc273-9cc6-4740-975d-3697e2d8d5b9,Martyn,Blackborow,0,0,1,0
97c228bb-edf5-4e3e-bcd4-6912cd5f3110,Pavla,Keaves,1,0,1,1
66f7428c-cd3d-4632-912c-9cf125d36d0b,Gretta,Caroline,0,0,4,1
198f1d87-74fb-4ea3-822c-f229e21f22da,Marge,Chatelot,0,0,2,1
74f0041f-6897-420e-8a88-a0f336b14f3c,Morgun,Beaton,1,1,1,0
1b58c5cd-144d-4078-9a21-a6509b4fdc87,Geordie,Perks,1,1,4,1
8f94831f-aeef-4491-a0d9-57da4cecc446,Vivianna,Earry,0,1,2,0
6daa8175-42e7-411e-892d-0ff03370343f,Bria,Snashall,1,0,2,0
715144d1-374d-4c8d-ada5-bfe587a146bb,Kerk,Jennison,1,0,3,0
5646de86-e6aa-4d46-9868-cfd476c064a1,Dorolice,Minchi,1,1,3,1
a4aaee97-1b87-454c-b2ab-f27a7ea12341,Shawn,Alishoner,1,1,3,0
71d94520-6769-4196-abed-f94603e32c8e,Lane,Gartell,1,0,1,1
a2b50abd-7e98-48a6-b4b4-b529278189e5,Mead,Cuckoo,1,0,2,1
242d79f2-5ce5-4443-a347-95c805009771,Zuzana,McNiff,0,1,2,0
6d69d90a-d9bd-4c1a-9090-5c1730a1ae00,Nolana,Risdall,1,1,5,0
e732f9cb-85d9-4867-b53e-e1503935cb0d,Merline,Jablonski,1,0,1,0
086419bb-419c-49ae-b45f-0c5e76fc4b89,Karlen,Bodesson,1,0,1,0
d69137f1-cc00-43cf-a9d0-06b08fcaa622,Krystal,MacCurtain,1,0,4,1
10043165-a0f4-4aa1-9f81-4f92fa1f07bc,Alastair,Bosanko,1,1,5,0
391efd6c-d3b9-431b-8fdf-1793edb1de86,Ennis,Ferfulle,0,1,2,1
e0c19005-5796-4a48-809d-bfd1cf97413c,Edith,Blakeley,1,1,2,0
2394ffe3-84f6-421b-b139-7df178fa4888,Barbra,Doidge,1,0,2,1
6a91f200-8931-49c8-90b9-3b8b95b54429,Nefen,Berrie,1,0,3,0
8bc2930a-e741-455b-af01-72d163912a92,Berry,Templeman,0,0,1,1
326155fe-f08c-4182-b820-f2b8ab4f6095,Paton,Hurles,1,1,2,0
c64a5cf6-dca7-48bd-bb8e-4d7b418caed2,Kit,Shreeve,0,0,4,0
28b06dd3-b957-4aa6-8eff-cda91ba9c724,Padraic,Corhard,0,0,5,1
699e49d2-6652-4148-aa14-097f081e22e2,Allison,Deschlein,1,0,2,1
1892bc96-d449-4ccc-9b73-7ea348f01788,Gracia,Chamberlaine,0,1,3,0
9859c083-8bf4-4ea0-bf94-34a3508fa4bf,Dov,Couser,1,1,3,0
caccee04-8973-4422-aa2b-ecd78f0dfbd9,Krishnah,Rides,0,1,3,0
9fbfd7a7-c72e-4b8d-b5f3-d226d710885b,Brunhilde,Fortoun,0,0,1,0
6f0882c0-b42b-4c3e-ab6f-76dba185847b,Mortie,Nekrews,0,0,4,0
785853e2-b8d6-4af4-b141-adc45f4edba1,Katine,Tasker,0,1,4,0
4bed4e1d-8449-4933-9f1e-fa94515df5e8,Tailor,Adnett,1,0,3,0
bad0d018-a366-43ec-b266-a0889facb6ea,Allyson,Muat,1,1,5,0
91b36141-0087-40ee-a7d4-d179980616ee,Waneta,Janning,1,0,4,1
268d1dcd-e724-4abb-b793-7ceca5400ccb,Bell,Willeman,0,1,2,0
abdf6c0c-6838-4445-b178-9d709473b285,Ives,Ogilvie,0,0,2,1
3296664e-2b4a-4b6f-bed4-3ab0f0945c5b,Tabbitha,Partlett,0,0,4,0
64cfab00-5349-460d-b05c-998cfffc5dad,Avrit,Whyley,0,1,4,0
ed6f94ba-05ab-4299-b5b9-d50857224fe7,Jenilee,Mewha,1,1,5,0
3a9f467e-442f-4176-9462-b4b9198b568c,Tandi,Harry,1,1,1,0
c75eb7aa-da2a-4801-8cfc-68f2f04f143b,Yolande,Ell,1,1,3,0
24eb9e2e-e579-4b68-8d30-1135f444887d,Jana,Peoples,1,0,2,0
8bdc8b80-055d-4642-bb86-60129e96a333,Stella,Rowat,0,1,1,0
fa0178c3-0971-4871-8b3b-b58f0a51fdd0,Tabor,Jakoub,1,0,2,0
38a4b115-ec91-4d45-a8ef-8ba625803723,Krysta,Stather,1,0,2,1
fa86c3a9-592b-4678-a8a0-3bd01f5a05f9,Veradis,Dwelly,0,0,3,0
0b6f1454-284e-4417-8fd2-bd065ef58c3d,Agnes,Wildbore,0,1,2,0
c6e889e3-8d72-4a61-9eda-0c2982351ce6,Bret,Bickerdike,0,1,2,0
20e039a4-807b-49af-b54f-cd60dfe717c4,Rana,Tryhorn,1,1,2,1
3ef4d6b5-4b60-40d8-9fbb-24e65658651c,Van,Chritchley,1,1,4,1
b97b53cf-fed2-45c4-85fd-557a5bf034a2,Jobey,Tellenbroker,1,0,4,0
466593a8-50d2-43f0-b23c-406bcdf7b0a8,Peg,Fishby,1,0,3,0
bd3c5f26-d861-4b49-bd96-c6cd6734db08,Jesselyn,Klees,0,1,3,1
f2ad28de-dac1-4d05-9a42-99e85a936d56,Karee,Ethington,0,1,1,0
338849df-da21-4f8a-a669-506fd42eb617,Pris,Lathwell,0,0,5,1
cb7f1795-92c3-4c25-b97b-91aaf96f5f67,Keriann,Blune,1,1,5,1
f31cc4f4-bbee-4283-b523-3aa619e76ea2,Cecil,Vass,0,0,2,0
e9b890e1-fe5d-4c27-b6a5-9d1c051ec28f,Tamera,Mugridge,0,1,1,1
003769f3-e4c3-4a95-be05-5b6eb15375f9,Laurianne,Pimbley,0,1,4,1
9b1cd191-d10a-43f5-a79b-31fb1b097d4b,Delmore,Rowet,0,0,1,0
355b7b30-eb93-413a-9d57-d8d087441891,Vitia,Coey,0,1,2,0
bd98aef5-7449-41ba-a01c-53a79401dac1,Xever,Mattheus,0,1,5,1
59adddf6-4542-4e5a-86b0-148664a00532,Deidre,Rebert,1,0,2,1
4803155f-6a57-48a2-85de-1f8997740d8d,Bear,Caddan,0,0,2,0
e2019158-ef43-4d35-b3fa-2d0d290d546d,Keary,Baudesson,0,1,2,1
cb63396e-24e6-4031-b7bb-7f4b4fe4ba9e,Sylvia,Elner,1,0,1,0
86f452ab-11b1-4f4f-b337-1b8e5e93dca9,Candis,Borlease,0,0,5,1
a9c8d453-581f-4dc8-97fe-52d017c4592a,Lilas,Trench,1,1,4,0
67bd0e5d-c6b2-4974-a621-7650d8b66111,Dyanne,Dinse,0,1,1,0
dfe07893-aa18-4acb-aeb6-2940e73cc89a,Georgeta,Evitt,0,0,3,1
c2f9ef51-2d5b-4fca-b979-d1020edca0d4,Nichol,Eversley,1,0,3,0
6147d87c-e661-4ef7-8ccf-1adf0d27a9f3,Mindy,Bosher,0,1,2,0
62260036-7115-4d7f-be19-895198d46425,Jeniffer,Vautrey,0,1,1,0
a96ba9b9-0700-4910-beab-36f8bab0cae6,Erminie,Spellacy,0,0,5,1
3ab28192-e645-4e24-905b-920c3eb62e63,Ardra,Jeffree,0,1,5,1
91f09eca-9cd3-4593-a42d-c13c3f1c65ad,Gail,Veryard,0,0,4,1
ecc01a25-5d0c-4710-b209-5e61ed075ca2,Maryanne,Gott,0,1,2,1
ce17e0fe-4273-4d4b-86f9-6229eb93be70,Pincas,Esterbrook,0,1,5,1
88b8aad9-e1a5-4169-a69d-1f30d3518135,Rosaleen,Minter,1,0,1,1
74198358-c168-4dd2-a399-c5e163799196,Theodora,Goldberg,0,1,5,1
715519c7-fe35-485c-a1a0-39b022628982,Gilles,Knappitt,0,0,2,1
5c4b12e5-ea2a-4ba8-8b79-9405d0ba2b65,Karissa,Brinicombe,1,1,3,0
3acd0f27-786f-4e6f-9d58-93f8f72e24a2,Ned,Peacocke,1,0,1,0
d40a6487-b9a1-4b2d-8545-a496dc340d66,Allyson,Naptine,0,1,2,0
67ef41a9-a5c9-4959-a8e1-46132f88d533,Lorin,Jago,1,0,3,0
1b17185d-8776-4950-a171-fe97de0c7ab5,Dianne,Kilsby,1,1,1,0
dda8cb33-26a2-4871-b728-07e853069ef7,Wandis,Odney,0,1,2,0
1376c4e8-592f-46bd-9bdb-3c4883566640,Gerda,Bosward,1,0,3,1
93f30e8f-a2aa-49a7-82c8-f8e54ef25082,Bidget,Dowber,0,0,1,1
aaebeb4c-f7e2-4ef1-820b-3ea8fa9e4f4a,Orran,Travers,1,1,4,0
f2802dca-2598-45f4-8b55-7b030c98b6a5,Flora,Crofthwaite,1,1,4,0
d164d4cb-d25f-403d-a65d-338c87d283a7,Felecia,Judkins,0,0,3,0
36b48d47-7f7a-4716-8011-2b6e2dc5d838,Antonia,Finnis,1,0,2,1
3d9710a1-b9fe-426d-b61e-5bca0fc40eaf,Stinky,Garrals,0,0,4,1
940744e3-1c32-4be5-913a-b9ddf8ee066e,Florinda,Jopke,0,0,1,0
db3f0165-3d6e-4c2f-92ee-d41f787569b5,Adler,Durno,0,0,3,1
467f64cb-bbb1-44ac-bb17-58c1c485865f,Alister,Egell,1,0,3,1
715b92b6-a817-4c70-8e6f-aac65082d118,Andy,Gawthorp,1,1,3,0
05f68453-0adb-42bd-a03d-42431554e502,Jewelle,Hanrott,0,0,2,1
3c7c5a62-efd6-460e-aabf-903852d3c909,Janeczka,Pezey,1,0,2,1
614ea093-d27f-4362-bac3-931710de5670,Melonie,Gilluley,1,0,1,1
69c829e2-a471-424e-b82e-38f0a34259e7,Dewie,Baumer,0,0,4,0
a493ccbb-abbb-4197-bcb5-9390fec33d18,Zolly,McKeating,0,1,1,0
d8c804c4-7d15-4dcc-bd29-956533669f3e,Erina,Mays,1,0,4,0
56e3ba97-e8df-4232-bac1-e2a99c4eb337,Lenora,Corpes,1,1,5,0
400d1b53-2b8c-4c11-9145-d04616c63c5c,Josiah,Hatchard,0,0,5,0
42499fce-47fc-4bd2-bd13-bdf061861ad0,Minetta,Crockett,0,0,2,0
175b40b8-efb5-4523-93e6-0062550594e4,Peria,Takle,1,1,1,0
9f8b93a9-7523-4f34-a400-ac1e9a64943a,Frederick,Seear,0,0,1,1
a494c10f-9609-4a52-b751-89844c9dfd1c,Belinda,Ivannikov,0,0,3,0
ad2e2620-1df2-47b3-9911-3382ec42e28e,Adena,Peaker,1,0,3,0
f1961d40-2e31-4539-903e-98f3b3eca0fd,Dynah,Lamp,0,1,5,1
5c62de46-d1e5-45c2-855a-ed4c3f2a9d18,Kile,Dewerson,0,1,2,0
6036a648-e22a-49b0-b0fa-7b3d685f880f,Terrijo,Crassweller,0,1,2,1
97d1fd29-ed31-4982-8b4e-3776fba22efd,Jon,Penni,0,0,1,0
7d905f06-41c9-4a79-9a1b-0ec044eff634,Othello,Farryn,0,0,2,0
897b5bb1-f11a-4e34-a57b-c35e171fc79d,Katha,Wilstead,1,1,1,1
4e0712bf-e4dc-4d60-88a7-6e07ec697c59,Woodie,Vittery,1,0,3,1
0330f1f6-3dd7-4bca-972e-dc67c8339552,Weider,Furmagier,1,0,5,0
fc2ceea1-38ee-4bcc-8a3c-d6f1cdda02a3,Allistir,Brunnen,1,1,1,0
b7aa5cd2-7a3d-4d6c-b0d3-2abe09455064,Sherlocke,Tyndall,0,1,4,0
14aa7e45-df19-4c6c-b5dc-60e9bef2ad9b,Tore,Iacapucci,0,1,5,0
246b72f0-e2d4-4682-90f7-5c601d3b92d1,Weidar,Meneely,0,1,1,1
e07d74bc-a2c7-400e-ada0-76445d601d4c,Base,Kuzma,1,0,1,1
aa844905-d2d5-4751-a606-89b041bf230c,Elijah,Sills,0,1,4,1
0d36cde8-c368-4366-a600-02509e48323a,Adorne,Plampin,0,1,2,0
0d47129c-cfcd-412e-99ad-0c4168a732f1,Loree,Gascoyne,0,0,2,0
cf376e66-c365-4a9f-8a01-f94963428498,Salomi,Du Fray,1,1,1,0
3505bc2e-a510-4512-8b8b-2df088d7610b,Arnaldo,Kleynen,0,1,5,0
a6326eae-d0a8-4dbe-8956-79caf2b79303,Siouxie,Quipp,1,0,5,1
e0fd2208-8478-4ec2-8937-a8161de32e16,Massimiliano,Coldtart,1,1,4,1
882e7073-aa3d-4182-9dd8-0ec0bbe74549,Angelina,Collcutt,1,1,4,0
1d9b73a2-f0ad-472c-b59e-673494c93caf,Jordan,James,1,0,2,1
1af58dc8-4893-40bd-aaf8-e5b27b4e0544,Jodie,Rabl,1,0,2,1
760e2397-db29-45df-9093-1fd4ae10c11b,Dianne,Gravell,1,0,1,1
042af88b-6946-4f6a-8238-21eef72c0ecd,Bathsheba,Andrea,0,1,4,1
080964f9-6669-4538-8637-58b89d3d072f,Kerby,Barkas,0,0,5,1
a7b60859-b94b-48ff-a384-469a682f765c,Adam,Blodgetts,1,0,5,0
e12e52ed-1721-48bf-974b-276e33279bfd,Karylin,Bretton,0,0,3,0
64caa834-e4da-40b3-bd69-1f34da12ad52,Barnie,Caulton,1,1,1,0
e6c49624-ff7d-4285-8b48-cf3d34519ce1,Kearney,De Lasci,1,1,4,0
645351fb-2d1f-429d-ad1d-eaa7d3c52ea5,Dorothea,See,1,1,2,1
cea16acd-2b2f-4f76-9c89-621bc68c3e79,Allison,Gabbot,0,0,3,0
69ef7bb7-e2ae-4733-8c44-f0c9a82bf69a,Nadeen,Hearnaman,0,0,3,0
0f2acb21-a423-41e5-928d-62bc15fb4561,Shelby,Spinage,1,0,1,1
cd8a0e62-e5f7-41f1-a7ee-acfcdedb80e7,Ulises,Melia,0,1,1,1
cba073de-e76c-4497-acab-0212dea3cbfe,Faustine,Mc Comb,1,0,2,0
e9e4b963-5bef-4d48-92e5-fa71a27e22df,Jaclyn,Rawson,1,1,3,0
5ba02c29-bb1d-4b48-a81e-99cc579f46fa,Lane,Easseby,1,0,1,0
abd0e090-c5a1-498b-a864-59ff9cf552b2,Chadd,Lowensohn,0,1,2,1
4d7da4e0-bf83-4bcd-b7ec-a4177e24d575,Urbanus,Stidston,0,0,2,0
96162ac5-0f38-4541-b29f-853a5f0599e7,Davida,Playfair,1,1,3,1
e38a4203-66a1-4f23-adfe-8108b93c4fe1,Phyllys,Dorbon,0,1,2,1
4f9f4488-3e71-419d-aaec-2a6932d7cd5d,Ambrosi,Crighton,1,0,4,1
91ae416f-3982-4fb2-ab4a-85d952dae63e,Lorilyn,Dormand,0,1,1,1
5dbe74d6-7eeb-4d9b-9cfb-4878773c1f3b,Eldon,Rymell,0,0,5,1
623c0f52-45d0-40e3-999c-1c5711352b22,Odella,Yuryev,0,1,1,0
49fe0154-2717-415a-99e4-59266c4f21c9,Dana,Gatley,0,0,1,1
ed8a7012-b3d8-40af-9202-391ff6300bee,Base,McElhinney,0,0,3,0
7702ac69-fab7-4312-9bd0-8cfe47067a67,Harwilll,Thyng,1,0,5,0
a492fed2-b990-4ae5-94bd-029d39ff5a27,Orson,Merington,0,0,2,0
4ad9e029-d516-4e12-ba2d-181dde80a63f,Laney,Freeman,0,0,5,1
c6b2b65c-a231-4b87-ae32-2a1e733fb8b2,Riordan,Romke,0,0,3,0
9ddb2cbb-f629-42d2-873e-ab8929c6b20c,Corly,Dionisetti,1,0,2,0
69cb7604-bc1a-4d25-90e3-060fc6989f71,Elga,De Bruijne,0,1,3,1
bceb103b-bdab-4995-86fd-bbb7ceac8d03,Debbi,Bonsale,1,0,1,1
be0eff9c-4519-4a53-a5f6-4863896c3261,Kerr,Massimo,1,0,4,1
a2527263-309f-4c39-b814-3ba4912b7dc0,Inger,Monteath,1,0,1,1
fcb7e935-b6d5-43ce-abc0-8d4f7598f691,Courtney,MacQueen,0,1,5,1
1706b210-d8c1-4366-aabc-48eea6d49afc,Lorettalorna,Wallwork,1,1,3,1
783e7ca8-0cbb-45d8-b1d3-823faa7a0a72,Ashia,Bennellick,0,0,1,0
9d2837b7-670c-4b12-8d47-18645a1a31d5,Tabbatha,Freak,0,0,4,1
b058ffaf-f655-4b72-955e-671c99f5265f,Marna,Topping,1,0,3,0
e7c493ad-54c6-43d2-948f-ec3f4e9ec530,Nancee,Poznanski,0,0,3,1
24c86aae-865f-4adf-a94e-96421919917b,Phillipp,Poacher,0,1,3,1
b032e353-ef1b-477c-81ec-63f6fbbe4a0e,Mal,Persse,0,1,3,0
5a89580c-836d-4609-9210-14a772d429d5,Silvio,MacKilroe,0,1,5,1
afd34f0b-5362-42e3-bdfd-e91f0e72d762,Lianne,Hartmann,1,1,3,0
0abce22f-a376-4009-8da6-99c465e98868,Cam,Norquay,1,1,5,0
212b5c6e-8d18-4cf8-83a5-c160c698a587,Baillie,Mallalieu,1,1,3,1
bb79d801-8d2a-40aa-8962-1b0ebe7cb2e3,Zahara,Vereker,0,1,5,1
3ec6a85e-8e7d-4034-81f3-1a5b83af12c7,Cherey,Ivancevic,1,1,3,1
a68f5342-1507-4251-ae04-c066dc11d43d,Geneva,Kittles,1,1,4,1
b72fff88-5d50-4622-9d71-afc641559aa8,Georgine,Josowitz,1,1,2,0
4080120b-c7ec-44fa-8018-af43782ef058,Clyde,Fessler,1,0,2,1
02817459-6068-4aa6-9cd5-7c742a00c64f,Rozanna,Stanway,0,0,1,0
59aab46a-d360-4c5b-b23e-78d6b22de8ec,Layney,Bagnold,0,1,5,1
55c35d9c-17a4-417e-8f8c-30a8d81f77f6,Josie,Nannetti,1,0,2,0
18875a92-f0f4-4431-8352-4f8a01a2bbe1,Taylor,Caffery,1,0,5,1
a33f537b-8355-4b43-896c-a6921600d284,Jonie,Bathow,0,0,2,0
e02ba724-5b21-447d-85ef-51cf3ae8d932,Chester,Gregorin,1,0,3,1
25f8ceee-dc85-4048-8645-1094d308825a,Ingeborg,Schuh,0,0,3,0
c13ad67a-759c-416e-960b-75bf8ffc92a3,Bette,Sherebrooke,1,1,2,0
78b9e87b-f3dc-4cff-bc7b-6500907f49d1,Fiann,Bibbie,0,0,4,0
0d288720-4281-429c-bfc3-1cdab364c5f8,Stephana,Wards,0,0,3,0
68b4d3c4-21ea-4adf-af47-850e19f0f4a5,Chiquia,Ruhben,0,1,3,1
e8b0b574-77b5-4379-8df9-7df8a7cdf60b,Reeba,Bonwick,1,1,5,0
90e79edb-0643-476c-8caa-1bf6308136cd,Belle,Gotthard.sf,0,1,2,0
e05a24a9-16c4-4613-bbd7-d5d44215ea27,Fielding,Kalisz,1,0,1,0
ce19a979-1d2a-4d73-93d3-3049247d1762,Damien,Haet,1,1,1,0
55374442-9464-4590-ae4d-29ad2d7cbd07,Hirsch,Hopkins,1,1,1,1
655658a0-2485-451b-9cfb-2a81c65e58bf,Ed,Adolfson,0,0,4,0
c6c93156-45e5-4b59-b983-988ee8c46d2c,Amble,Anthoine,0,1,1,0
c21bfe7e-78f4-462d-9550-d7454ad46049,Ambrosio,Gallandre,1,0,3,1
2e84f205-c054-401b-a3b9-fd5df3c8d579,Kittie,Mellenby,0,1,3,1
5b7bedcf-fdcc-4a94-8bd0-fb0df996d57b,Betti,Jury,0,1,1,1
f3f8437d-28c0-49ea-bde7-947705ad8418,Ardine,Belamy,0,0,5,0
a47e2621-bf3a-4a8b-9282-059feec58b43,Eveleen,Kewish,0,0,5,1
3bec7837-30e5-4d1a-83af-064d17a4a2cc,Yankee,Wakenshaw,0,1,2,1
05f18039-7b81-4a57-9dda-b654553a26a3,Jayson,Bensusan,1,1,2,1
76ada989-5d06-4456-a9af-c901d4029436,Gannon,Renahan,1,1,1,0
90998f16-3b50-48d3-9ec5-ca9e179306f0,Page,Southern,1,0,5,1
14c899b9-afed-438e-bb68-02a25c51b255,Corey,Boost,1,0,3,1
4b3ae1cd-cd5d-463b-af0b-5f7005277556,Flory,Rawls,1,0,1,1
bb62edfd-e2f9-4cc4-b4a8-c47ae84d3ab3,Ronna,Stanaway,0,1,4,0
5ab24062-0ae0-49ee-b4c7-0fcd42ac5c8e,Caritta,Houten,1,1,1,1
a3d86f42-91b5-43cc-8e0b-159a233a1c31,Bertina,Zanutti,1,1,3,1
67080f44-0e4b-4384-a27c-fcb3c652dbf5,Toby,Clewett,0,0,2,0
7d9a5420-2361-4caa-8648-e13f2ab8a1df,Kass,Swynley,0,0,2,1
952f7d33-f11c-41a4-ae2b-b1b13e6063ed,Adah,Grigorey,0,0,2,0
6b982e2c-b6b6-46a2-b666-dbd43795bb17,Gerrie,Picot,0,0,1,0
d82a2125-c6b7-453d-8f77-476efe8522c5,Pavlov,Gypson,0,1,4,1
a1bf12c0-8bd2-43c7-b67a-110663a3aa17,Thelma,Ewer,0,0,3,0
2bbc7bc9-e589-43c3-918d-3d2c696ec78f,Lorant,Weond,1,0,3,0
47aaff8b-3e28-4568-b798-90f87870dde3,Husein,Chesley,1,1,4,0
fcadf5e3-77ef-4d3c-b49b-6f8adfd92cd1,Mandi,Blennerhassett,0,0,2,0
af49a49f-693b-42a3-9281-3584e890569d,Jemmie,Joplin,0,0,4,1
10e86963-4862-45bd-813f-e77bb9374562,Basil,Gammell,0,1,4,0
7ba6f952-4178-4fba-8671-101511fa8566,Gweneth,Philippe,1,1,4,0
e7361280-aa4e-4721-a23d-40c188aef44e,Bellanca,Stut,0,0,1,0
10649cb2-9a5d-4878-b21f-42054457088d,Gale,Huggins,1,0,3,1
49f863bf-1fa1-49ee-b74e-12c195b8a0e2,Rory,Marquiss,1,1,3,0
02355ad5-3f37-44d3-81e9-9abd33dcfed6,Bianka,Warmisham,0,0,5,1
2cd5fd15-f4c7-46fb-9dab-0ef4c935b54d,Phyllida,Fuxman,0,1,2,0
7744a9b6-ac67-460f-a54c-c845bd2a505d,Reilly,Machans,1,0,1,1
1c86704f-b23c-447f-8b73-7a88b53e32d9,Austen,Vellender,0,1,2,0
0060f842-d899-4afc-9f75-63275f6a4b94,Johny,Bonin,0,0,5,1
d5565123-cc9b-4c89-aad0-fc0e0e8fdc58,Gerri,Tritten,1,0,3,1
dd047463-b619-49de-948f-c7d997e49125,Mozes,Tutchener,1,0,3,0
edd68043-fa6c-43d3-84bb-986e19a6f070,Nero,Winscom,1,0,3,0
ec87a3a8-2819-4356-971d-dd0e2401b48f,Doralin,MacClancey,0,0,3,0
4187c17d-9d25-42a7-a8c4-9131e995d4ad,Breena,Coverly,1,1,2,0
63f39ca2-3b3b-41f7-87e6-59ae7a53858a,Calv,Lenham,1,1,4,0
8d7984df-003a-42aa-b5ff-310d631b045d,Abby,Peizer,1,1,2,0
bfdd8ff8-94a3-4e17-bcfd-64702267e2f7,Albie,Swadlen,1,0,5,1
a5d54a6c-c7c3-43de-a9ee-9a2829bdccf1,Michale,McElroy,1,1,4,1
87483c76-51b2-4e9d-b85d-0f29c644488e,Alwin,Haggas,0,0,2,1
bc69d48d-1731-4cb0-9b5d-8870e1e04a32,Devi,Cowper,0,1,2,0
ef3a9df0-4832-4434-9d73-9abffe9cd4bf,Obie,Puttick,1,0,3,1
33e900de-74d0-4c9c-8675-a809fd34ae9f,Doris,Corteney,1,0,4,0
11b2374a-834b-403d-b01a-3246f1f22580,Cathi,Brugger,1,0,4,0
32d2978c-2dec-48c2-9617-507c1c732d5a,Ninnetta,Kelf,1,1,1,0
2d65f190-45c9-4999-8121-ba902b1a66d6,Christoforo,Nortcliffe,0,1,4,0
30ceb306-1771-45b2-946a-5ac2e81a821c,Riki,Krout,1,0,5,1
3c47b1f3-1359-4a15-957d-df24cda6c7c0,Martie,Kidsley,0,0,5,1
d3098952-8d52-4e05-aeae-7e5e061b4e58,Kali,Fielders,1,0,3,0
ec603fcb-0858-4f99-b518-d011e88d2eb0,Etta,Selcraig,0,1,5,0
17ca117f-4f3f-49d0-9bfe-eae8a1c4ac1e,Merola,Thorn,0,1,1,0
4b526442-fc63-4c76-852a-490abd67e5fe,Cammy,Skilton,0,0,4,0
2595eb65-4e69-465f-ba8d-5a4cbf533351,Florie,Evanson,0,0,4,0
b9d9520d-e853-44da-9fb1-73a5b0f04948,Nora,Clymo,1,0,4,1
7966c51b-06a8-4383-bb9a-f4822fc1d6d4,Dionne,Clacey,0,1,5,1
cea16bba-de64-4733-be51-4a1e9a258799,Shaughn,Streeton,1,1,2,1
46d053aa-dd73-4ea7-b3b8-d25d2179ab6e,Bryn,Overlow,1,1,1,1
d797b092-19f2-4543-bb68-5241ca4f911b,Tallulah,Bhar,1,1,5,0
09855fd5-3468-47b8-8137-18b33cb05454,Cal,Folini,1,1,5,1
a0520f17-c781-48d2-a79d-ad1a8e0e71fe,Lutero,Fausset,0,1,1,0
6bd0ae93-dc79-4606-afef-ee58ae2a0c35,Selene,Sandels,1,0,1,1
d78d9333-e662-416b-af41-f752afe0f50e,Flossy,Denington,0,0,1,1
05e43466-8034-4fb4-8b93-4ee09872d9c0,Nanine,Simmance,1,0,5,1
49aed99c-b24f-4287-9c85-aa61a1773917,Dionne,Portt,0,1,1,0
cf7855ce-1bc2-4d42-92c5-b64bd4e6f587,Malanie,Mucklo,1,0,4,1
7ebc9cda-6c18-46ae-965b-ade1f8cae4c7,Freddi,Fiske,1,1,4,0
ef9f5934-ccce-4759-ba8d-3ad57e93962c,Kenny,Tesche,0,0,4,1
0653098d-e6a3-4d8f-905a-1488a2d2664c,Dale,Scotchbourouge,0,1,1,1
edaf02b2-d72d-49b9-a7cc-382e5911162f,Rem,Brokenbrow,1,1,1,1
d1180e13-cc59-42d3-97c0-bacc662edeb4,Winny,Pittam,1,0,4,1
c314184d-867e-4aac-8a6b-f120b26fc9f5,Ketty,Baversor,0,0,3,0
bf54db5f-1e52-426a-95f9-dec24903955a,Hiram,Delahunty,1,0,3,0
2bc89792-f6de-4324-a268-45324b0badb9,Derry,Oldfield,0,1,1,0
888b52db-a570-46a4-a94c-8c8ac46a6422,Wanids,Maun,1,1,4,1
172764d4-7427-4399-b3b2-c649d5c0702c,Romain,Billings,0,1,4,0
771fc52b-9aaf-48be-bb69-b8ed5f5c240d,Daryl,Damiral,0,1,3,0
67983e26-2fa0-437d-8117-b4522ce37c23,Dudley,Hollingdale,0,1,5,0
ffa35832-c638-4497-a092-de7409a69ed0,Margy,Turgoose,1,1,5,1
b6e3bf37-2b1b-46ec-8c3a-7c97f37d8f96,Calley,Blunkett,0,1,2,1
cf4bc114-af03-4af4-b51e-fcc68e42ba7c,Rona,Sendall,1,1,4,0
ffe73518-4b8f-4600-be4c-173893111870,Kelila,Crace,1,1,4,0
13decaa3-001d-4c17-8e50-4986b5bf4f8a,Ransom,Artin,1,0,2,0
5d20e831-5d17-4898-bd2d-563fb718c3c7,Evan,Rief,1,0,3,1
9b9f3a4b-351b-4467-bdeb-a3d981f0554a,Ricky,Jedrych,1,0,5,1
77fe32b3-43fa-4709-9e35-a3c6019e67a6,Malena,Job,1,1,5,0
b1f92b88-cd91-4368-a3cd-5693d1097d56,Roda,Merredy,0,0,1,1
33349f17-11ff-44ac-bed9-4e13873ffd71,Gregoor,Cowely,0,1,4,1
531fd3ce-e2bd-482d-b778-58e69e6a2879,Abbey,Bartrum,1,0,1,0
10a30b24-de1c-44a9-ab7b-e9c8b79b5dd2,Cecile,Humfrey,0,1,3,1
ad2913e9-e6f4-4584-bada-d621ae3d7777,Glyn,Townson,1,1,5,0
83d0f84e-af57-4dcf-9b80-78ac578f4b79,Goldi,Tribell,1,1,1,1
25322349-8abe-40a8-afe3-e566a9022305,Jareb,Dabnot,1,0,5,0
021a125e-8096-469f-a24d-923534a66ebc,Anstice,Beckenham,0,1,1,0
4708e9ff-8917-4311-b514-3b982b698045,Delia,Lehrle,1,0,5,1
f59a128f-1885-4fb5-9f07-8620fd40acd7,Keriann,Colwill,1,0,3,1
87c43cbd-0eb0-48fe-838b-6187987ae2ab,Holli,Moulsdall,1,1,4,0
328ea4b6-22c1-4f34-80c8-70e42584b467,Danie,Rottery,1,1,4,0
bc28804b-1c44-4462-bb59-1ff35b7cf2cf,Bryce,Swanton,1,0,3,1
76c8aba7-03a0-4741-a239-a5bc3a1a1195,Taber,Iapico,1,0,4,1
4ceefc27-b84e-4564-89df-5d584c711e5f,Galina,Silcock,1,0,5,1
a6a0dabd-e4ee-43d4-86d9-30bb0be2062c,Jonas,Doblin,0,1,3,1
50628a35-2ad0-4a37-934c-d9b2366b1f9c,Isabeau,Saulter,0,0,4,1
857d01a8-fd20-4b41-a2a5-9adca31b8eee,Toni,Korfmann,1,0,1,0
9b88b914-c2ce-4e21-8d17-d4de035530d0,Aksel,Cockcroft,1,0,3,0
9bbd45fa-0868-4598-b95d-e6ce3982d9fd,Chrisy,Jansik,0,0,4,0
2a9f3b74-1f4e-481e-9e09-d0cb6c4db74b,Marten,Kerwen,0,0,3,0
f8eb827e-f9fc-4460-a8dc-0b0d9edae811,Hedwig,Jepensen,0,0,5,1
37cd29c5-1cfb-4263-b468-8dfec05e3e5d,Flin,Pilmer,1,1,5,0
3543c199-97cd-451d-a85b-1f8216732573,Romola,Gould,1,1,3,0
ef5f1fb6-c306-48a5-8990-e72258e420b1,Harriett,Le Lievre,1,0,4,0
903be2f5-7497-4065-b4fa-97a869e68689,Alane,Giraudat,1,1,5,0
32ed8ace-a568-4679-b76c-33416b72243c,Jacquenette,Richings,0,1,5,0
28bcba09-37ef-47da-8252-ab0ee54a6791,Giana,Scneider,1,1,4,1
39a28a0b-24dc-4cd4-8677-4c3548408928,Annemarie,Beminster,0,0,1,1
f58b3bbf-fccf-4f2b-bae7-559ce5c7344d,Horacio,McJury,1,1,4,1
ddbdb08b-cf62-4990-b35b-ba3f408af76c,Noelani,Lichfield,1,0,1,0
fe7d129a-66d6-4a86-b6a6-30e720c5f5c4,Howey,Bynert,0,0,5,1
c160e294-d45f-43b1-8590-085ae5f03809,Zed,Asmus,0,1,1,1
d93d8ca8-02c3-4b8a-936a-f2ecf085d69a,Artie,Yelding,1,1,4,1
6138f883-6a0a-45d2-9b26-9f087ff31b3b,Jabez,Iannello,0,1,1,0
adb71b09-3e74-479c-9044-924bb40126e2,Rickard,Garham,0,1,3,0
ed1cd00a-fa12-42d3-8dea-bfe4c1838af7,Sharyl,Bury,0,0,5,1
3e257f7d-92df-4414-a663-cc0ab2b48c96,Chelsie,Rollings,0,1,5,0
cbde9784-e3a1-4048-9d70-5088f1c382e3,Vivien,Epine,0,0,1,0
d5b668e0-1f7f-477d-bbdc-874279b499b3,Franz,Vicker,1,1,3,1
e166aa94-1262-4eef-a460-03002b6e70a2,Paxon,Birrane,1,0,2,1
46301394-f9be-4d32-83e6-544d34d5e67a,Rosana,Auten,0,0,1,1
f7960e27-d5ab-499e-af7c-9d0bdc461c85,Tawnya,Sans,1,0,5,0
3ef990c0-9dc4-45af-9a16-f0391d37d556,Stephi,Yeates,0,1,1,1
46806f29-9416-498b-8dbe-de3ea939fd34,Sarene,Margach,0,0,2,0
d06115b7-96df-4fb6-b746-4392a74feffc,Rickert,Dearan,0,0,5,0
511e545f-eed2-42c4-b385-6ed9efd7da00,Tremayne,Dillet,0,0,5,1
1c980ff1-51af-43de-a6e7-cf18b6d46395,Drud,Maplestone,1,0,3,0
4891fa07-e025-45bb-ab11-e7895c321d7d,Reinhold,Ofener,0,1,5,1
e132bdd4-191f-47bc-b081-58fabd0782c4,Jany,Breeze,1,0,5,1
39f152c6-42f1-44f9-b5ce-9b1797b51973,Zebedee,Dunwoody,0,0,1,0
5eec4936-35b4-472f-9ded-e1bc6d8ce97e,Debra,Maclaine,1,1,3,0
20e49df1-5607-4f45-8a2f-08bab0eea7fc,Calley,Fylan,1,1,2,1
a2169dfa-e0be-43e3-9b9f-baa8309bb1bc,Corilla,Leatherbarrow,1,1,3,0
643be840-23e8-4ff6-a6ce-65a3a12d8fcf,Keslie,Weigh,1,0,2,0
7cf38f6c-2382-4785-81c3-16ea3383e9a1,Phylys,Brazel,0,1,1,0
3a80de71-4a4f-4e78-afa5-62b5be3e6785,Giavani,Watman,0,1,3,1
9cffb1cd-dfc7-439f-98fd-83694f334e4d,Nathan,Kielty,0,0,2,1
c1562620-6756-466f-b288-d8dfd5b63ec3,Chevalier,Hearty,0,0,5,0
1ab3ad8e-a795-44ad-9487-091297cd41d7,Salomi,Foulkes,0,0,1,0
705b1ccf-9627-42fc-9892-761f8c109b64,Colby,Erickson,1,1,1,1
50fb2e3c-c9f0-4ce5-ac40-0262c82e0d4b,Mikel,Clemow,0,0,2,1
48534819-543c-41b2-898f-202d79f71465,Caldwell,Poupard,0,1,5,0
551c370d-842c-4b8d-82f1-78523c7ca47b,Mella,Goldspink,0,1,4,1
aa81fc2a-7f43-4022-9f94-8864c2aa7544,Christyna,Sollitt,1,0,5,1
d6accf70-7899-4422-9b1c-258c8f83fb68,Beitris,Sibbet,1,1,4,0
4b584048-d5a8-4120-bdef-71152a9e766d,Lane,Shaul,1,1,2,0
488ea3ed-19fb-46d2-92ff-e1eb2ea67f74,Shel,Gaishson,0,1,4,1
45d2c44c-ec4b-447c-b050-1fc468bd1ccd,Evelin,Brettell,0,0,3,1
230bd489-90aa-4138-8b69-cd7de59d8ea2,Mallissa,O'Hannay,1,0,5,1
907a6c7d-9779-45e1-9fc2-be88b5cf88b0,Genny,Raywood,1,0,5,1
ad049767-d5c5-4881-83e5-9c55bf6da387,Tallulah,Bryett,0,0,5,0
4aa485e3-d022-4a35-96bf-094e11a5f828,Royall,De Bell,0,1,2,0
7f08ee1b-34e2-444e-9dcc-56e43773eb77,Rodie,Spir,0,0,1,0
b41ce9af-802a-4378-8aa7-288505662dcb,Suki,Robjents,0,1,4,1
1e848915-3b92-4d9e-acf4-ea7034dc0f4d,Cynthia,Auchterlonie,0,0,4,1
c27fe866-576b-4cb9-ae05-e07577daeead,Tynan,Corp,0,0,1,0
8d0949fa-bae7-499e-a3ef-0241a8cc8aa0,Leontine,Sandars,1,0,1,1
506f4396-6e3c-4834-bfe9-b6cf04a47f91,Gilburt,Decker,0,1,3,1
a49e1d5d-1f43-48da-8a6f-d646389e4922,Gustav,Coyte,0,0,5,0
d1729bc4-7a00-4985-b047-0869e77f1adc,Lin,Peat,1,0,3,0
93f812d5-4c0e-4073-ac20-d0aeedf7357f,Arthur,McUre,1,1,4,1
2de10fe6-4026-45d1-a6cd-b7254b4ed2d4,Laural,Jakolevitch,1,0,3,0
3ae7d75e-96e4-4beb-a020-67dba9094b94,Galvan,Bault,1,1,4,1
1bd3bd3f-acf1-4f1c-8d81-12d446bd8039,Ray,Dewfall,1,0,3,0
fb067f02-2fe7-4c7c-a2dc-768a5a0a44dd,Ernesto,Spottswood,1,1,1,1
4a9bc07a-667d-4983-ac0e-b8c582b9d6c7,Von,Cerith,0,1,3,1
08bf6325-5f02-485c-879b-849d6c747dc6,Justino,Kersley,1,1,5,1
